[{"model": "auth.permission", "pk": 1, "fields": {"name": "Can add log entry", "content_type": 1, "codename": "add_logentry"}}, {"model": "auth.permission", "pk": 2, "fields": {"name": "Can change log entry", "content_type": 1, "codename": "change_logentry"}}, {"model": "auth.permission", "pk": 3, "fields": {"name": "Can delete log entry", "content_type": 1, "codename": "delete_logentry"}}, {"model": "auth.permission", "pk": 4, "fields": {"name": "Can add permission", "content_type": 2, "codename": "add_permission"}}, {"model": "auth.permission", "pk": 5, "fields": {"name": "Can change permission", "content_type": 2, "codename": "change_permission"}}, {"model": "auth.permission", "pk": 6, "fields": {"name": "Can delete permission", "content_type": 2, "codename": "delete_permission"}}, {"model": "auth.permission", "pk": 7, "fields": {"name": "Can add group", "content_type": 3, "codename": "add_group"}}, {"model": "auth.permission", "pk": 8, "fields": {"name": "Can change group", "content_type": 3, "codename": "change_group"}}, {"model": "auth.permission", "pk": 9, "fields": {"name": "Can delete group", "content_type": 3, "codename": "delete_group"}}, {"model": "auth.permission", "pk": 10, "fields": {"name": "Can add user", "content_type": 4, "codename": "add_user"}}, {"model": "auth.permission", "pk": 11, "fields": {"name": "Can change user", "content_type": 4, "codename": "change_user"}}, {"model": "auth.permission", "pk": 12, "fields": {"name": "Can delete user", "content_type": 4, "codename": "delete_user"}}, {"model": "auth.permission", "pk": 13, "fields": {"name": "Can add content type", "content_type": 5, "codename": "add_contenttype"}}, {"model": "auth.permission", "pk": 14, "fields": {"name": "Can change content type", "content_type": 5, "codename": "change_contenttype"}}, {"model": "auth.permission", "pk": 15, "fields": {"name": "Can delete content type", "content_type": 5, "codename": "delete_contenttype"}}, {"model": "auth.permission", "pk": 16, "fields": {"name": "Can add session", "content_type": 6, "codename": "add_session"}}, {"model": "auth.permission", "pk": 17, "fields": {"name": "Can change session", "content_type": 6, "codename": "change_session"}}, {"model": "auth.permission", "pk": 18, "fields": {"name": "Can delete session", "content_type": 6, "codename": "delete_session"}}, {"model": "auth.permission", "pk": 19, "fields": {"name": "Can add organisation", "content_type": 7, "codename": "add_organisation"}}, {"model": "auth.permission", "pk": 20, "fields": {"name": "Can change organisation", "content_type": 7, "codename": "change_organisation"}}, {"model": "auth.permission", "pk": 21, "fields": {"name": "Can delete organisation", "content_type": 7, "codename": "delete_organisation"}}, {"model": "auth.permission", "pk": 22, "fields": {"name": "Can add edit organisation", "content_type": 9, "codename": "add_editorganisation"}}, {"model": "auth.permission", "pk": 23, "fields": {"name": "Can change edit organisation", "content_type": 9, "codename": "change_editorganisation"}}, {"model": "auth.permission", "pk": 24, "fields": {"name": "Can delete edit organisation", "content_type": 9, "codename": "delete_editorganisation"}}, {"model": "auth.permission", "pk": 25, "fields": {"name": "Can add round", "content_type": 10, "codename": "add_round"}}, {"model": "auth.permission", "pk": 26, "fields": {"name": "Can change round", "content_type": 10, "codename": "change_round"}}, {"model": "auth.permission", "pk": 27, "fields": {"name": "Can delete round", "content_type": 10, "codename": "delete_round"}}, {"model": "auth.permission", "pk": 28, "fields": {"name": "Can add street", "content_type": 11, "codename": "add_street"}}, {"model": "auth.permission", "pk": 29, "fields": {"name": "Can change street", "content_type": 11, "codename": "change_street"}}, {"model": "auth.permission", "pk": 30, "fields": {"name": "Can delete street", "content_type": 11, "codename": "delete_street"}}, {"model": "auth.permission", "pk": 31, "fields": {"name": "Can add address", "content_type": 12, "codename": "add_address"}}, {"model": "auth.permission", "pk": 32, "fields": {"name": "Can change address", "content_type": 12, "codename": "change_address"}}, {"model": "auth.permission", "pk": 33, "fields": {"name": "Can delete address", "content_type": 12, "codename": "delete_address"}}, {"model": "auth.permission", "pk": 34, "fields": {"name": "Can add product", "content_type": 13, "codename": "add_product"}}, {"model": "auth.permission", "pk": 35, "fields": {"name": "Can change product", "content_type": 13, "codename": "change_product"}}, {"model": "auth.permission", "pk": 36, "fields": {"name": "Can delete product", "content_type": 13, "codename": "delete_product"}}, {"model": "auth.permission", "pk": 37, "fields": {"name": "Can add subscription", "content_type": 14, "codename": "add_subscription"}}, {"model": "auth.permission", "pk": 38, "fields": {"name": "Can change subscription", "content_type": 14, "codename": "change_subscription"}}, {"model": "auth.permission", "pk": 39, "fields": {"name": "Can delete subscription", "content_type": 14, "codename": "delete_subscription"}}, {"model": "auth.permission", "pk": 40, "fields": {"name": "Can add order", "content_type": 15, "codename": "add_order"}}, {"model": "auth.permission", "pk": 41, "fields": {"name": "Can change order", "content_type": 15, "codename": "change_order"}}, {"model": "auth.permission", "pk": 42, "fields": {"name": "Can delete order", "content_type": 15, "codename": "delete_order"}}, {"model": "auth.permission", "pk": 43, "fields": {"name": "Can add order line item", "content_type": 16, "codename": "add_orderlineitem"}}, {"model": "auth.permission", "pk": 44, "fields": {"name": "Can change order line item", "content_type": 16, "codename": "change_orderlineitem"}}, {"model": "auth.permission", "pk": 45, "fields": {"name": "Can delete order line item", "content_type": 16, "codename": "delete_orderlineitem"}}, {"model": "auth.permission", "pk": 46, "fields": {"name": "Can add discount", "content_type": 17, "codename": "add_discount"}}, {"model": "auth.permission", "pk": 47, "fields": {"name": "Can change discount", "content_type": 17, "codename": "change_discount"}}, {"model": "auth.permission", "pk": 48, "fields": {"name": "Can delete discount", "content_type": 17, "codename": "delete_discount"}}, {"model": "auth.permission", "pk": 49, "fields": {"name": "Can add campaign", "content_type": 18, "codename": "add_campaign"}}, {"model": "auth.permission", "pk": 50, "fields": {"name": "Can change campaign", "content_type": 18, "codename": "change_campaign"}}, {"model": "auth.permission", "pk": 51, "fields": {"name": "Can delete campaign", "content_type": 18, "codename": "delete_campaign"}}, {"model": "auth.permission", "pk": 52, "fields": {"name": "Can add campaign type", "content_type": 19, "codename": "add_campaigntype"}}, {"model": "auth.permission", "pk": 53, "fields": {"name": "Can change campaign type", "content_type": 19, "codename": "change_campaigntype"}}, {"model": "auth.permission", "pk": 54, "fields": {"name": "Can delete campaign type", "content_type": 19, "codename": "delete_campaigntype"}}, {"model": "auth.user", "pk": 1, "fields": {"password": "pbkdf2_sha256$36000$LRg0i6OAAypB$EU/ttECRZabAgEj+YuK8aZVaYgt6PAfITDUn4M8B6zM=", "last_login": "2020-05-08T10:48:16.042Z", "is_superuser": true, "username": "kevald1963", "first_name": "Kevin", "last_name": "Alderson", "email": "kevin_alderson@yahoo.co.uk", "is_staff": true, "is_active": true, "date_joined": "2020-03-07T12:27:44Z", "groups": [], "user_permissions": [1, 2, 3, 7, 8, 9, 4, 5, 6, 10, 11, 12, 13, 14, 15, 22, 23, 24, 19, 20, 21, 16, 17, 18]}}, {"model": "auth.user", "pk": 2, "fields": {"password": "pbkdf2_sha256$36000$XVDpSWnnczE6$ef3iVShXXcAiJJLthMr8xDprnl3XaevYS/XYhVlvdTw=", "last_login": "2020-03-19T15:59:46.170Z", "is_superuser": true, "username": "Elaine78", "first_name": "Elaine", "last_name": "Francis", "email": "elf78@gmail.com", "is_staff": true, "is_active": true, "date_joined": "2020-02-19T12:30:44Z", "groups": [], "user_permissions": []}}, {"model": "auth.user", "pk": 3, "fields": {"password": "pbkdf2_sha256$36000$azCsEMNpja8R$m0MQrHX5qLUv+trIL32oonU3mdmzSFY8Jw6lQmaMqOE=", "last_login": "2020-05-06T14:15:01.938Z", "is_superuser": false, "username": "lesliehan", "first_name": "Leslie", "last_name": "Hanson", "email": "lesliehanson@hotmail.com", "is_staff": true, "is_active": true, "date_joined": "2020-03-19T15:05:43.951Z", "groups": [], "user_permissions": []}}, {"model": "auth.user", "pk": 4, "fields": {"password": "pbkdf2_sha256$36000$uANDQNhJO2so$BCJOM/0gt+dlJ1jM9gS7gALNRKxaZ67nH4zCrw+Kg3c=", "last_login": "2020-04-06T15:23:04.515Z", "is_superuser": false, "username": "pebro", "first_name": "Peter", "last_name": "Bristow", "email": "pbristow79@gmail.com", "is_staff": true, "is_active": true, "date_joined": "2020-04-06T15:15:18.818Z", "groups": [], "user_permissions": []}}, {"model": "sessions.session", "pk": "2aurxgrxdkfazkttw358zjeqs50k4mhy", "fields": {"session_data": "OTJjMmI2ZWU0NWJmYjY1YTUxOGNiMjQ5MzRhYjUxOGJmNTA5NmQ2Yzp7ImNhcnQiOnt9LCJfYXV0aF91c2VyX2lkIjoiMSIsIl9hdXRoX3VzZXJfYmFja2VuZCI6ImFjY291bnRzLmJhY2tlbmRzLkNhc2VJbnNlbnNpdGl2ZUF1dGgiLCJfYXV0aF91c2VyX2hhc2giOiI1NjVhNjZmOTgwMzI2ZGQyYmJkZTkzNWZjYTZhMGQ4ZGIwODQwOTFkIn0=", "expire_date": "2020-05-19T12:35:57.473Z"}}, {"model": "sessions.session", "pk": "7rt5ug6vng5cjhpsg4j3wfttm9wu0qr7", "fields": {"session_data": "MzFjZjVmNjE1ZTU4YjlmOWI0ZjcxY2NlMTVhOTM3NDVlNTdmNDM2Zjp7Il9hdXRoX3VzZXJfaWQiOiIxIiwiX2F1dGhfdXNlcl9iYWNrZW5kIjoiZGphbmdvLmNvbnRyaWIuYXV0aC5iYWNrZW5kcy5Nb2RlbEJhY2tlbmQiLCJfYXV0aF91c2VyX2hhc2giOiI1NjVhNjZmOTgwMzI2ZGQyYmJkZTkzNWZjYTZhMGQ4ZGIwODQwOTFkIn0=", "expire_date": "2020-05-22T10:48:16.111Z"}}, {"model": "sessions.session", "pk": "bhv5evmsb71wexqo6e0w6hml5et3wh9o", "fields": {"session_data": "MDNhNjZlODljNWZkNmIyYmFmY2U2MzY2ZmFiZTYwN2RiYTdiYzY4Yjp7Il9hdXRoX3VzZXJfaWQiOiIxIiwiX2F1dGhfdXNlcl9iYWNrZW5kIjoiZGphbmdvLmNvbnRyaWIuYXV0aC5iYWNrZW5kcy5Nb2RlbEJhY2tlbmQiLCJfYXV0aF91c2VyX2hhc2giOiIxMWIzODI5MDYyOGI5MTczZjdiMGU0MzVmNGRkYWVlODgxODdiYmU4In0=", "expire_date": "2020-03-21T12:28:24.582Z"}}, {"model": "sessions.session", "pk": "cu9gp3k66kkeqj09y9ibq9kjukfclkzw", "fields": {"session_data": "MTY1MGMwODQ1MjhiNTMyMWE3NGNmYWYzNzMyZjQxYTNmNmNmYzNlOTp7ImNhcnQiOnsiMiI6MX0sIl9hdXRoX3VzZXJfaWQiOiIxIiwiX2F1dGhfdXNlcl9iYWNrZW5kIjoiYWNjb3VudHMuYmFja2VuZHMuQ2FzZUluc2Vuc2l0aXZlQXV0aCIsIl9hdXRoX3VzZXJfaGFzaCI6IjU2NWE2NmY5ODAzMjZkZDJiYmRlOTM1ZmNhNmEwZDhkYjA4NDA5MWQifQ==", "expire_date": "2020-05-08T16:09:49.033Z"}}, {"model": "sessions.session", "pk": "cz6njr9cgfcbukzhsfuqkjvjd4qthgq4", "fields": {"session_data": "OWUyOTA0NWU3ZDllODNiYTMyOWU4NmQwNDk5ZTM5MjBhY2FhOTk1Zjp7Il9hdXRoX3VzZXJfaWQiOiI0IiwiX2F1dGhfdXNlcl9iYWNrZW5kIjoiYWNjb3VudHMuYmFja2VuZHMuQ2FzZUluc2Vuc2l0aXZlQXV0aCIsIl9hdXRoX3VzZXJfaGFzaCI6IjgzMzM3ZjkzZTVjMWI3YjI4YjkzMTdlODUzODZjMTg0YzNiOGJlN2QifQ==", "expire_date": "2020-04-20T15:23:04.640Z"}}, {"model": "sessions.session", "pk": "jfj8xs4lb9evb5bnogyj0qin7qs3a8jq", "fields": {"session_data": "MDNhNjZlODljNWZkNmIyYmFmY2U2MzY2ZmFiZTYwN2RiYTdiYzY4Yjp7Il9hdXRoX3VzZXJfaWQiOiIxIiwiX2F1dGhfdXNlcl9iYWNrZW5kIjoiZGphbmdvLmNvbnRyaWIuYXV0aC5iYWNrZW5kcy5Nb2RlbEJhY2tlbmQiLCJfYXV0aF91c2VyX2hhc2giOiIxMWIzODI5MDYyOGI5MTczZjdiMGU0MzVmNGRkYWVlODgxODdiYmU4In0=", "expire_date": "2020-04-14T10:56:42.251Z"}}, {"model": "sessions.session", "pk": "m45p38kbjntmertps2azl7k3ie0vw80a", "fields": {"session_data": "MTY1MGMwODQ1MjhiNTMyMWE3NGNmYWYzNzMyZjQxYTNmNmNmYzNlOTp7ImNhcnQiOnsiMiI6MX0sIl9hdXRoX3VzZXJfaWQiOiIxIiwiX2F1dGhfdXNlcl9iYWNrZW5kIjoiYWNjb3VudHMuYmFja2VuZHMuQ2FzZUluc2Vuc2l0aXZlQXV0aCIsIl9hdXRoX3VzZXJfaGFzaCI6IjU2NWE2NmY5ODAzMjZkZDJiYmRlOTM1ZmNhNmEwZDhkYjA4NDA5MWQifQ==", "expire_date": "2020-05-18T22:16:02.691Z"}}, {"model": "sessions.session", "pk": "uofnsunzp9emsv068hfakc2aefs58vk9", "fields": {"session_data": "ZDE0NDk2M2RmMTZjNDUzNTUxMDE1ZjE3OWFkYmExNWYyMDFmYWI1Mzp7ImNhcnQiOnt9LCJfYXV0aF91c2VyX2lkIjoiMSIsIl9hdXRoX3VzZXJfYmFja2VuZCI6ImFjY291bnRzLmJhY2tlbmRzLkNhc2VJbnNlbnNpdGl2ZUF1dGgiLCJfYXV0aF91c2VyX2hhc2giOiIxMWIzODI5MDYyOGI5MTczZjdiMGU0MzVmNGRkYWVlODgxODdiYmU4In0=", "expire_date": "2020-04-28T12:39:51.614Z"}}, {"model": "sessions.session", "pk": "xporl2bog32iwg3kkus305y5lm7g4bjn", "fields": {"session_data": "MDNhNjZlODljNWZkNmIyYmFmY2U2MzY2ZmFiZTYwN2RiYTdiYzY4Yjp7Il9hdXRoX3VzZXJfaWQiOiIxIiwiX2F1dGhfdXNlcl9iYWNrZW5kIjoiZGphbmdvLmNvbnRyaWIuYXV0aC5iYWNrZW5kcy5Nb2RlbEJhY2tlbmQiLCJfYXV0aF91c2VyX2hhc2giOiIxMWIzODI5MDYyOGI5MTczZjdiMGU0MzVmNGRkYWVlODgxODdiYmU4In0=", "expire_date": "2020-04-06T15:57:33.296Z"}}, {"model": "sessions.session", "pk": "z0m4a3988moz80dp648icl9vju1w3zte", "fields": {"session_data": "YWZhMmJhZWQxMjVjZGE4ZGJlYjk2Nzg5MDI3YjE3ZTMyMmM3MDliMDp7Il9hdXRoX3VzZXJfaWQiOiIxIiwiX2F1dGhfdXNlcl9iYWNrZW5kIjoiZGphbmdvLmNvbnRyaWIuYXV0aC5iYWNrZW5kcy5Nb2RlbEJhY2tlbmQiLCJfYXV0aF91c2VyX2hhc2giOiI1NjVhNjZmOTgwMzI2ZGQyYmJkZTkzNWZjYTZhMGQ4ZGIwODQwOTFkIiwiY2FydCI6e319", "expire_date": "2020-05-10T16:27:35.008Z"}}, {"model": "sessions.session", "pk": "zh98hrjhzb0xkrsfoojw6qz66cnfzneg", "fields": {"session_data": "MmM5ZDk0MzA3NjJjZGViMmZlYzk4ZDllMWQzNDE4NDAxOGQ1ZTNjMDp7Il9hdXRoX3VzZXJfaWQiOiIxIiwiX2F1dGhfdXNlcl9iYWNrZW5kIjoiYWNjb3VudHMuYmFja2VuZHMuQ2FzZUluc2Vuc2l0aXZlQXV0aCIsIl9hdXRoX3VzZXJfaGFzaCI6IjU2NWE2NmY5ODAzMjZkZDJiYmRlOTM1ZmNhNmEwZDhkYjA4NDA5MWQiLCJjYXJ0Ijp7fX0=", "expire_date": "2020-05-10T20:09:09.817Z"}}, {"model": "product.product", "pk": 1, "fields": {"number": 1, "name": "3-devices, 12-month subscription", "is_single_use_only": true, "is_base_product": true, "is_upgrade_product": false, "is_data_product": false, "max_product_quantity": 1, "number_of_devices": 3, "number_of_subscription_months": 12, "description": "This is our Community product for individuals or small businesses and organisations operating locally. It includes the address data for one local authority of your choosing and allows up to 3 devices to use the app concurrently. Larger organisations may also want to use this option to check the app for suitability before scaling up to extra devices and / or address data. It includes online support only. Please note that if this package is enough for your needs, then it must be renewed every 12 months but will continue to remain free. Please note that failure to renew will result in your data being deleted 1 month after the renewal expiry data. You will be sent regular emails warning of you this before your data is deleted. The maximum data storage for this option is 200Mb.", "price": "0.00", "image_path": "https://upload.wikimedia.org/wikipedia/commons/8/88/Number_1_in_green_rounded_square.svg", "image": "", "image_caption": "Clip art image of number 1."}}, {"model": "product.product", "pk": 2, "fields": {"number": 2, "name": "12-devices, 6-month subscription", "is_single_use_only": false, "is_base_product": true, "is_upgrade_product": true, "is_data_product": false, "max_product_quantity": 50, "number_of_devices": 12, "number_of_subscription_months": 6, "description": "This product allows up to 12 devices to login and use the app concurrently. The subscription is for 6 months  It includes the address data for 5 local authorities of your choosing. Includes online and 24/7 telephone support. The maximum data storage for this option is 1Gb.", "price": "6.00", "image_path": "https://upload.wikimedia.org/wikipedia/commons/3/36/Circle-ye-2.svg", "image": "", "image_caption": "Clip art image of number 2."}}, {"model": "product.product", "pk": 3, "fields": {"number": 3, "name": "12-devices, 12-month subscription", "is_single_use_only": false, "is_base_product": true, "is_upgrade_product": true, "is_data_product": false, "max_product_quantity": 50, "number_of_devices": 12, "number_of_subscription_months": 12, "description": "This product allows up to 12 devices to login and use the app concurrently. The subscription is for 12 months  It includes the address data for 5 local authorities of your choosing. Includes online and 24/7 telephone support. The maximum data storage for this option is 1Gb.", "price": "10.00", "image_path": "https://upload.wikimedia.org/wikipedia/commons/thumb/6/6b/Icon_3_violet.svg/200px-Icon_3_violet.svg.png", "image": "", "image_caption": "Clip art image of number 3."}}, {"model": "product.product", "pk": 4, "fields": {"number": 6, "name": "Address data load for United Kingdom", "is_single_use_only": true, "is_base_product": false, "is_upgrade_product": false, "is_data_product": true, "max_product_quantity": 1, "number_of_devices": 0, "number_of_subscription_months": 0, "description": "Automatically loads the address data for the entire United Kingdom into your account's database. Includes all door numbers, street numbers, ward names and post codes for the selected local authority areas. These can then be allocated to Rounds for your own delivery, canvassing or surveying needs. Your existing data will be exported to a file, before the new data is loaded into your account's database on our system, should you wish to revert back to it for any reason.", "price": "100.00", "image_path": "https://illustoon.com/photo/dl/826.png", "image": "", "image_caption": "Clip art image of map of United Kingdom."}}, {"model": "product.product", "pk": 5, "fields": {"number": 4, "name": "Address data load for 5 UK local authorities", "is_single_use_only": false, "is_base_product": false, "is_upgrade_product": false, "is_data_product": true, "max_product_quantity": 4, "number_of_devices": 0, "number_of_subscription_months": 0, "description": "Automatically load the address data for 5 more local authorities in the United Kingdom into your account's database. This in addition to any you already have allocated as a part of your existing subscription, even the free version. Includes all door numbers, street numbers, ward names and post codes for the selected local authority areas. These can then be allocated to Rounds for your own delivery, canvassing or surveying needs. Your existing data will be exported to a file, before the new data is loaded into your account's database on our system, should you wish to revert back to it for any reason.", "price": "10.00", "image_path": "https://upload.wikimedia.org/wikipedia/commons/0/0c/Location_map_United_Kingdom_Newcastle-upon-Tyne_Central.png", "image": "", "image_caption": "Image of street map of central Newcastle-upon-Tyne, UK."}}, {"model": "product.product", "pk": 6, "fields": {"number": 5, "name": "Address data load for 20 UK local authorities", "is_single_use_only": false, "is_base_product": false, "is_upgrade_product": false, "is_data_product": true, "max_product_quantity": 8, "number_of_devices": 0, "number_of_subscription_months": 0, "description": "Automatically loads the address data for 20 more local authorities in the United Kingdom into your account's database. This in addition to any you already have allocated as a part of your existing subscription, even the free version. Includes all door numbers, street numbers, ward names and post codes for the selected local authority areas. These can then be allocated to Rounds for your own delivery, canvassing or surveying needs. Your existing data will be exported to a file, before the new data is loaded into your account's database on our system, should you wish to revert back to it for any reason.", "price": "25.00", "image_path": "https://upload.wikimedia.org/wikipedia/commons/0/0c/Location_map_United_Kingdom_Newcastle-upon-Tyne_Central.png", "image": "", "image_caption": "Image of street map of central Newcastle-upon-Tyne, UK."}}, {"model": "product.discount", "pk": 1, "fields": {"code": 1, "type": "Multiple product", "percent": "10.0"}}, {"model": "product.discount", "pk": 2, "fields": {"code": 2, "type": "Summer sale", "percent": "12.0"}}, {"model": "product.discount", "pk": 3, "fields": {"code": 3, "type": "Winter sale", "percent": "15.0"}}, {"model": "checkout.order", "pk": 4, "fields": {"name": "Kevin Alderson", "user": 1, "address_1": "7 Loweswater Road", "address_2": "Slatyford", "address_3": "Denton Burn", "town_or_city": "Newcastle", "post_code": "NE5 2SN", "email_address": "kevin_alderson@yahoo.co.uk", "mobile_number": "07957 520067", "date": "2020-04-24"}}, {"model": "checkout.order", "pk": 5, "fields": {"name": "Flower Power Deliveries", "user": 2, "address_1": "7 Loweswater Road", "address_2": "Slatyford", "address_3": "Denton Burn", "town_or_city": "Newcastle", "post_code": "NE5 2SN", "email_address": "kevin_alderson@yahoo.co.uk", "mobile_number": "07957 520067", "date": "2020-04-24"}}, {"model": "checkout.order", "pk": 6, "fields": {"name": "Flower Power Deliveries", "user": 2, "address_1": "7 Loweswater Road", "address_2": "Slatyford", "address_3": "Denton Burn", "town_or_city": "Newcastle", "post_code": "NE5 2SN", "email_address": "kevin_alderson@yahoo.co.uk", "mobile_number": "07957520067", "date": "2020-04-24"}}, {"model": "checkout.order", "pk": 7, "fields": {"name": "Kevin Alderson", "user": 1, "address_1": "7 Loweswater Road", "address_2": "Slatyford", "address_3": "Denton Burn", "town_or_city": "Newcastle", "post_code": "NE5 2SN", "email_address": "kevin_alderson@yahoo.co.uk", "mobile_number": "07957520067", "date": "2020-04-24"}}, {"model": "checkout.order", "pk": 8, "fields": {"name": "Kevin Alderson", "user": null, "address_1": "23 Thirlmere Way", "address_2": "Slatyford", "address_3": "", "town_or_city": "Newcastle", "post_code": "NE5 2SN", "email_address": "kevmags@yahoo.co.uk", "mobile_number": "07979 929760", "date": "2020-04-26"}}, {"model": "checkout.order", "pk": 9, "fields": {"name": "Kevin Alderson", "user": null, "address_1": "23 Thirlmere Way", "address_2": "Slatyford", "address_3": "", "town_or_city": "Newcastle", "post_code": "NE5 2SN", "email_address": "kevmags@yahoo.co.uk", "mobile_number": "07979 929760", "date": "2020-04-26"}}, {"model": "checkout.order", "pk": 10, "fields": {"name": "Kevin Alderson", "user": null, "address_1": "23 Thirlmere Way", "address_2": "Slatyford", "address_3": "", "town_or_city": "Newcastle", "post_code": "NE5 2SN", "email_address": "kevmags@yahoo.co.uk", "mobile_number": "07979 929760", "date": "2020-04-26"}}, {"model": "checkout.order", "pk": 11, "fields": {"name": "Kevin Alderson", "user": null, "address_1": "23 Thirlmere Way", "address_2": "Slatyford", "address_3": "", "town_or_city": "Newcastle", "post_code": "NE5 2SN", "email_address": "kevmags@yahoo.co.uk", "mobile_number": "07979 929760", "date": "2020-04-26"}}, {"model": "checkout.order", "pk": 12, "fields": {"name": "Kevin Alderson", "user": null, "address_1": "23 Thirlmere Way", "address_2": "Slatyford", "address_3": "", "town_or_city": "Newcastle", "post_code": "NE5 2SN", "email_address": "kevmags@yahoo.co.uk", "mobile_number": "07979929760", "date": "2020-04-26"}}, {"model": "checkout.order", "pk": 13, "fields": {"name": "Kevin Alderson", "user": null, "address_1": "23 Thirlmere Way", "address_2": "Slatyford", "address_3": "", "town_or_city": "Newcastle", "post_code": "NE5 2SN", "email_address": "kevmags@yahoo.co.uk", "mobile_number": "07979929760", "date": "2020-04-26"}}, {"model": "checkout.order", "pk": 14, "fields": {"name": "Kevin Alderson", "user": null, "address_1": "23 Thirlmere Way", "address_2": "Slatyford", "address_3": "", "town_or_city": "Newcastle", "post_code": "NE5 2SN", "email_address": "kevmags@yahoo.co.uk", "mobile_number": "07979929760", "date": "2020-04-26"}}, {"model": "checkout.order", "pk": 15, "fields": {"name": "Kevin Alderson", "user": null, "address_1": "23 Thirlmere Way", "address_2": "Slatyford", "address_3": "", "town_or_city": "Newcastle", "post_code": "NE5 2SN", "email_address": "kevmags@yahoo.co.uk", "mobile_number": "07979929760", "date": "2020-04-26"}}, {"model": "checkout.order", "pk": 16, "fields": {"name": "Kevin Alderson", "user": null, "address_1": "23 Thirlmere Way", "address_2": "Slatyford", "address_3": "", "town_or_city": "Newcastle", "post_code": "NE5 2SN", "email_address": "kevmags@yahoo.co.uk", "mobile_number": "07979929760", "date": "2020-04-26"}}, {"model": "checkout.order", "pk": 17, "fields": {"name": "Eileen Alderson", "user": null, "address_1": "45 Thirlmere Way", "address_2": "Slatyford", "address_3": "", "town_or_city": "Newcastle-upon-Tyne", "post_code": "NE5 2SN", "email_address": "kevmags@yahoo.co.uk", "mobile_number": "07979929760", "date": "2020-04-26"}}, {"model": "checkout.orderlineitem", "pk": 4, "fields": {"order": 4, "product": 3, "quantity": 1}}, {"model": "checkout.orderlineitem", "pk": 5, "fields": {"order": 5, "product": 2, "quantity": 2}}, {"model": "checkout.orderlineitem", "pk": 6, "fields": {"order": 6, "product": 3, "quantity": 1}}, {"model": "checkout.orderlineitem", "pk": 7, "fields": {"order": 7, "product": 3, "quantity": 1}}, {"model": "checkout.orderlineitem", "pk": 8, "fields": {"order": 8, "product": 2, "quantity": 2}}, {"model": "checkout.orderlineitem", "pk": 9, "fields": {"order": 9, "product": 2, "quantity": 2}}, {"model": "checkout.orderlineitem", "pk": 10, "fields": {"order": 10, "product": 2, "quantity": 2}}, {"model": "checkout.orderlineitem", "pk": 11, "fields": {"order": 11, "product": 2, "quantity": 2}}, {"model": "checkout.orderlineitem", "pk": 12, "fields": {"order": 12, "product": 2, "quantity": 2}}, {"model": "checkout.orderlineitem", "pk": 13, "fields": {"order": 13, "product": 2, "quantity": 2}}, {"model": "checkout.orderlineitem", "pk": 14, "fields": {"order": 14, "product": 2, "quantity": 2}}, {"model": "checkout.orderlineitem", "pk": 15, "fields": {"order": 15, "product": 2, "quantity": 3}}, {"model": "checkout.orderlineitem", "pk": 16, "fields": {"order": 16, "product": 2, "quantity": 3}}, {"model": "checkout.orderlineitem", "pk": 17, "fields": {"order": 17, "product": 2, "quantity": 3}}, {"model": "organisation.organisation", "pk": 1, "fields": {"name": "South Tyneside Green Party", "description": "South Tyneside Green Party (STGP) is a federal party of the Green Party of England and Wales (GPEW). It covers the borough of South Tyneside, within Tyne & Wear, Northeast England. The borough has contains the two Parliamentary Constituencies of Jarrow and South Shields. Its monthly meetings are held in South Shields, where it currently has one councillor, David Francis, for Beacon & Bents ward.", "contact_name": "Kevin Alderson", "user": 1, "is_parent": true, "logo_text": "ST Green Party", "glyphicon_name": "boat", "image_path": "", "image": "images/stgp_organising_group.jpg", "image_caption": "Election of first South Tyneside Councillor in May 2019.", "address_1": "C/o  St Paul & St John's Community Hall", "address_2": "Broughton Road", "address_3": "South Shields", "town_or_city": "", "post_code": "NE33 2RN", "email_address": "kevin_alderson@yahoo.co.uk", "landline_number": "0191 2750823", "mobile_number": "07979 929760"}}, {"model": "organisation.organisation", "pk": 2, "fields": {"name": "South Shields Campaign Group", "description": "South Shields Campaign Group is a sub-group of South Tyneside Green Party. It campaigns in the Parliamentary Constituency of South Shields at both national and local election levels.", "contact_name": "Peter Bristow", "user": 2, "is_parent": false, "logo_text": "Shields Group", "glyphicon_name": "anchor", "image_path": "", "image": "images/campaign_photo_shoot.jpg", "image_caption": "Photo-shoot of members before a monthly Action Day.", "address_1": "4 Belgrave Terrace", "address_2": "South Shields", "address_3": "", "town_or_city": "", "post_code": "NE33 2RX", "email_address": "peterb@bigfoot.com", "landline_number": "0191 4550010", "mobile_number": "07999 566099"}}, {"model": "organisation.organisation", "pk": 3, "fields": {"name": "Jarrow Campaign Group", "description": "Jarrow Campaign Group is a sub-group of South Tyneside Green Party. It campaigns in the Parliamentary Constituency of Jarrow at both national and local election levels.", "contact_name": "Dave Herbert", "user": 1, "is_parent": false, "logo_text": "Jarrow Group", "glyphicon_name": "hammer", "image_path": "", "image": "images/shirley_and_dave_campaigning.jpg", "image_caption": "Shirley Ford and Dave Herbert hit the campaign trail.", "address_1": "12 Redhouse Farm Road", "address_2": "Jarrow", "address_3": "", "town_or_city": "", "post_code": "NE34 8YT", "email_address": "daveherbert@gmail.com", "landline_number": "0191 456 9872", "mobile_number": "07995 007884"}}, {"model": "organisation.subscription", "pk": 1, "fields": {"organisation": 1, "product": 1, "start_date": "2020-04-14T16:28:02Z", "end_date": "2021-04-14T16:28:24Z", "subscription_count": 1}}, {"model": "campaign.campaign", "pk": 1, "fields": {"name": "2020/03 - leafleting", "description": "Leafleting campaign in Beacon & Bents and West Park, March 2020", "campaign_lead": "Simon Hedley", "user": 1, "organisation": 2, "campaign_type": "LE", "round": 1, "active_date": "2020-04-30", "inactive_date": "2020-05-31"}}, {"model": "campaign.campaign", "pk": 2, "fields": {"name": "2020/03 - canvassing", "description": "Canvassing campaign in Beacon & Bents, March 2020", "campaign_lead": "Elaine Francis", "user": 2, "organisation": 2, "campaign_type": "CA", "round": 1, "active_date": "2020-04-01", "inactive_date": null}}, {"model": "campaign.campaign", "pk": 3, "fields": {"name": "2020/04 - surveying", "description": "Surveying campaign in Beacon & Bents, April 2020", "campaign_lead": "Elaine Francis", "user": 2, "organisation": 2, "campaign_type": "SU", "round": 1, "active_date": "2020-04-30", "inactive_date": null}}, {"model": "campaign.campaign", "pk": 4, "fields": {"name": "2020/05 - surveying", "description": "Surveying campaign in Beacon & Bents, May 2020", "campaign_lead": "Simon Hedley", "user": null, "organisation": 2, "campaign_type": "SU", "round": 3, "active_date": "2020-04-01", "inactive_date": null}}, {"model": "campaign.campaign", "pk": 5, "fields": {"name": "2019/12 Jarrow GE", "description": "General Election campaign December 2019", "campaign_lead": "Leslie Hanson", "user": null, "organisation": 3, "campaign_type": "LE", "round": 8, "active_date": "2019-11-01", "inactive_date": "2019-12-12"}}, {"model": "round.round", "pk": 1, "fields": {"name": "Beacon & Bents ward, Round 1", "description": "Beach Road, South Shields"}}, {"model": "round.round", "pk": 2, "fields": {"name": "Beacon & Bents ward, Round 2", "description": "Flagg Court, South Shields"}}, {"model": "round.round", "pk": 3, "fields": {"name": "Beacon & Bents ward, Round 3", "description": "Lawe Top, South Shields"}}, {"model": "round.round", "pk": 4, "fields": {"name": "Beacon & Bents ward, Round 4", "description": "Ocean Road, South Shields"}}, {"model": "round.round", "pk": 5, "fields": {"name": "West Park ward, Round 1", "description": "Stanhope Road, South Shields"}}, {"model": "round.round", "pk": 6, "fields": {"name": "West Park ward, Round 2", "description": "Dean Road, South Shields"}}, {"model": "round.round", "pk": 7, "fields": {"name": "West Park ward, Round 3", "description": "Mortimer Road, South Shields"}}, {"model": "round.round", "pk": 8, "fields": {"name": "Primrose ward, Round 1", "description": "Grange Road West, Jarrow"}}, {"model": "round.round", "pk": 9, "fields": {"name": "Simonside and Rekendyke ward, Round 1", "description": "Barnes Road, South Shields"}}, {"model": "round.round", "pk": 10, "fields": {"name": "Simonside and Rekendyke ward, Round 2", "description": "Laygate"}}, {"model": "round.street", "pk": 1, "fields": {"name": "Belgrave Terrace", "comments": "Residences on left hand side of street only, from Beach Road. Leave St Thomas Complex Residential Home, as this is included in a special round. Property number 2 is split into two flats: 2 (lower) and 2a (upper). \r\n\r\nDo not deliver or call at number 6 as staunch Labour supporters.\r\n\r\nParking restrictions: None, but avoid parking in this street as parking is difficult due to high volume of visitors to residential home.", "door_number_start": 1, "door_number_end": 7, "round": 1, "post_code": "NE33 2RX"}}, {"model": "round.street", "pk": 2, "fields": {"name": "Broughton Road", "comments": "Do not include St Paul and St John's Church Centre near junction with Anderson Street.", "door_number_start": 1, "door_number_end": 220, "round": 1, "post_code": "NE33 2RT"}}, {"model": "round.street", "pk": 3, "fields": {"name": "Sydenham Terrace", "comments": "", "door_number_start": 1, "door_number_end": 14, "round": 3, "post_code": "NE33 2RY"}}, {"model": "round.street", "pk": 4, "fields": {"name": "Flagg Court", "comments": "This is a small estate in it's own right, spread out over several pathways. It also includes a health centre and parade of shops. No deliveries or canvassing is required for the latter.", "door_number_start": 1, "door_number_end": 170, "round": 2, "post_code": "NE33 2LX"}}, {"model": "round.street", "pk": 5, "fields": {"name": "Marine Approach", "comments": "", "door_number_start": 1, "door_number_end": 5, "round": 1, "post_code": "NE33 2TE"}}, {"model": "round.street", "pk": 6, "fields": {"name": "Barnes Road", "comments": "Do not call at Number 7 as strict Lib-Dem supporter. All even door numbers on this street.", "door_number_start": 4, "door_number_end": 26, "round": 9, "post_code": "NE33 5HJ"}}, {"model": "round.street", "pk": 7, "fields": {"name": "Mortimer Road", "comments": "", "door_number_start": 1, "door_number_end": 135, "round": 7, "post_code": "NE34 0RU"}}, {"model": "round.street", "pk": 8, "fields": {"name": "Ocean Road", "comments": "Mainly restaurants on this street (on right hand-side, heading towards beach) but some residential properties above restaurants. Largely residential on left-hand side. Door numbers start at 4, as numbers 1 to 3 were demolished years ago and not replaced.", "door_number_start": 4, "door_number_end": 92, "round": 4, "post_code": "NE33 2DW"}}, {"model": "round.street", "pk": 10, "fields": {"name": "Erskine Road", "comments": "", "door_number_start": 1, "door_number_end": 198, "round": 1, "post_code": "NE33 2SW"}}, {"model": "round.street", "pk": 11, "fields": {"name": "Erskine Road", "comments": "", "door_number_start": 1, "door_number_end": 188, "round": 1, "post_code": "NE33 2SW"}}, {"model": "round.address", "pk": 37, "fields": {"door_number": 2, "name": 5, "comments": "Green Party supporters. Call back later with window poster."}}, {"model": "round.address", "pk": 174, "fields": {"door_number": 1, "name": 4, "comments": ""}}, {"model": "round.address", "pk": 175, "fields": {"door_number": 2, "name": 4, "comments": ""}}, {"model": "round.address", "pk": 176, "fields": {"door_number": 3, "name": 4, "comments": ""}}, {"model": "round.address", "pk": 177, "fields": {"door_number": 4, "name": 4, "comments": ""}}, {"model": "round.address", "pk": 178, "fields": {"door_number": 5, "name": 4, "comments": ""}}, {"model": "round.address", "pk": 179, "fields": {"door_number": 1, "name": 5, "comments": ""}}, {"model": "round.address", "pk": 180, "fields": {"door_number": 2, "name": 5, "comments": ""}}, {"model": "round.address", "pk": 181, "fields": {"door_number": 3, "name": 5, "comments": ""}}, {"model": "round.address", "pk": 182, "fields": {"door_number": 4, "name": 5, "comments": ""}}, {"model": "round.address", "pk": 183, "fields": {"door_number": 5, "name": 5, "comments": ""}}, {"model": "round.address", "pk": 238, "fields": {"door_number": 1, "name": 1, "comments": ""}}, {"model": "round.address", "pk": 239, "fields": {"door_number": 2, "name": 1, "comments": ""}}, {"model": "round.address", "pk": 240, "fields": {"door_number": 3, "name": 1, "comments": ""}}, {"model": "round.address", "pk": 241, "fields": {"door_number": 4, "name": 1, "comments": ""}}, {"model": "round.address", "pk": 242, "fields": {"door_number": 5, "name": 1, "comments": ""}}, {"model": "round.address", "pk": 243, "fields": {"door_number": 6, "name": 1, "comments": ""}}, {"model": "round.address", "pk": 244, "fields": {"door_number": 7, "name": 1, "comments": ""}}, {"model": "round.address", "pk": 586, "fields": {"door_number": 1, "name": 3, "comments": ""}}, {"model": "round.address", "pk": 587, "fields": {"door_number": 2, "name": 3, "comments": ""}}, {"model": "round.address", "pk": 588, "fields": {"door_number": 3, "name": 3, "comments": ""}}, {"model": "round.address", "pk": 589, "fields": {"door_number": 4, "name": 3, "comments": ""}}, {"model": "round.address", "pk": 590, "fields": {"door_number": 5, "name": 3, "comments": ""}}, {"model": "round.address", "pk": 591, "fields": {"door_number": 6, "name": 3, "comments": ""}}, {"model": "round.address", "pk": 592, "fields": {"door_number": 7, "name": 3, "comments": ""}}, {"model": "round.address", "pk": 593, "fields": {"door_number": 8, "name": 3, "comments": ""}}, {"model": "round.address", "pk": 594, "fields": {"door_number": 9, "name": 3, "comments": ""}}, {"model": "round.address", "pk": 595, "fields": {"door_number": 10, "name": 3, "comments": ""}}, {"model": "round.address", "pk": 596, "fields": {"door_number": 11, "name": 3, "comments": ""}}, {"model": "round.address", "pk": 597, "fields": {"door_number": 12, "name": 3, "comments": ""}}, {"model": "round.address", "pk": 640, "fields": {"door_number": 4, "name": 6, "comments": ""}}, {"model": "round.address", "pk": 641, "fields": {"door_number": 5, "name": 6, "comments": ""}}, {"model": "round.address", "pk": 642, "fields": {"door_number": 6, "name": 6, "comments": ""}}, {"model": "round.address", "pk": 643, "fields": {"door_number": 7, "name": 6, "comments": ""}}, {"model": "round.address", "pk": 644, "fields": {"door_number": 8, "name": 6, "comments": ""}}, {"model": "round.address", "pk": 645, "fields": {"door_number": 9, "name": 6, "comments": ""}}, {"model": "round.address", "pk": 646, "fields": {"door_number": 10, "name": 6, "comments": ""}}, {"model": "round.address", "pk": 647, "fields": {"door_number": 11, "name": 6, "comments": ""}}, {"model": "round.address", "pk": 648, "fields": {"door_number": 12, "name": 6, "comments": ""}}, {"model": "round.address", "pk": 649, "fields": {"door_number": 13, "name": 6, "comments": ""}}, {"model": "round.address", "pk": 650, "fields": {"door_number": 14, "name": 6, "comments": ""}}, {"model": "round.address", "pk": 651, "fields": {"door_number": 15, "name": 6, "comments": ""}}, {"model": "round.address", "pk": 652, "fields": {"door_number": 16, "name": 6, "comments": ""}}, {"model": "round.address", "pk": 653, "fields": {"door_number": 17, "name": 6, "comments": ""}}, {"model": "round.address", "pk": 654, "fields": {"door_number": 18, "name": 6, "comments": ""}}, {"model": "round.address", "pk": 655, "fields": {"door_number": 19, "name": 6, "comments": ""}}, {"model": "round.address", "pk": 656, "fields": {"door_number": 20, "name": 6, "comments": ""}}, {"model": "round.address", "pk": 657, "fields": {"door_number": 21, "name": 6, "comments": ""}}, {"model": "round.address", "pk": 658, "fields": {"door_number": 22, "name": 6, "comments": ""}}, {"model": "round.address", "pk": 659, "fields": {"door_number": 23, "name": 6, "comments": ""}}, {"model": "round.address", "pk": 660, "fields": {"door_number": 24, "name": 6, "comments": ""}}, {"model": "round.address", "pk": 661, "fields": {"door_number": 25, "name": 6, "comments": ""}}, {"model": "round.address", "pk": 662, "fields": {"door_number": 26, "name": 6, "comments": ""}}, {"model": "round.address", "pk": 873, "fields": {"door_number": 4, "name": 8, "comments": ""}}, {"model": "round.address", "pk": 874, "fields": {"door_number": 5, "name": 8, "comments": ""}}, {"model": "round.address", "pk": 875, "fields": {"door_number": 6, "name": 8, "comments": ""}}, {"model": "round.address", "pk": 876, "fields": {"door_number": 7, "name": 8, "comments": ""}}, {"model": "round.address", "pk": 877, "fields": {"door_number": 8, "name": 8, "comments": ""}}, {"model": "round.address", "pk": 878, "fields": {"door_number": 9, "name": 8, "comments": ""}}, {"model": "round.address", "pk": 879, "fields": {"door_number": 10, "name": 8, "comments": ""}}, {"model": "round.address", "pk": 880, "fields": {"door_number": 11, "name": 8, "comments": ""}}, {"model": "round.address", "pk": 881, "fields": {"door_number": 12, "name": 8, "comments": ""}}, {"model": "round.address", "pk": 882, "fields": {"door_number": 13, "name": 8, "comments": ""}}, {"model": "round.address", "pk": 883, "fields": {"door_number": 14, "name": 8, "comments": ""}}, {"model": "round.address", "pk": 884, "fields": {"door_number": 15, "name": 8, "comments": ""}}, {"model": "round.address", "pk": 885, "fields": {"door_number": 16, "name": 8, "comments": ""}}, {"model": "round.address", "pk": 886, "fields": {"door_number": 17, "name": 8, "comments": ""}}, {"model": "round.address", "pk": 887, "fields": {"door_number": 18, "name": 8, "comments": ""}}, {"model": "round.address", "pk": 888, "fields": {"door_number": 19, "name": 8, "comments": ""}}, {"model": "round.address", "pk": 889, "fields": {"door_number": 20, "name": 8, "comments": ""}}, {"model": "round.address", "pk": 890, "fields": {"door_number": 21, "name": 8, "comments": ""}}, {"model": "round.address", "pk": 891, "fields": {"door_number": 22, "name": 8, "comments": ""}}, {"model": "round.address", "pk": 892, "fields": {"door_number": 23, "name": 8, "comments": ""}}, {"model": "round.address", "pk": 893, "fields": {"door_number": 24, "name": 8, "comments": ""}}, {"model": "round.address", "pk": 894, "fields": {"door_number": 25, "name": 8, "comments": ""}}, {"model": "round.address", "pk": 895, "fields": {"door_number": 26, "name": 8, "comments": ""}}, {"model": "round.address", "pk": 896, "fields": {"door_number": 27, "name": 8, "comments": ""}}, {"model": "round.address", "pk": 897, "fields": {"door_number": 28, "name": 8, "comments": ""}}, {"model": "round.address", "pk": 898, "fields": {"door_number": 29, "name": 8, "comments": ""}}, {"model": "round.address", "pk": 899, "fields": {"door_number": 30, "name": 8, "comments": ""}}, {"model": "round.address", "pk": 900, "fields": {"door_number": 31, "name": 8, "comments": ""}}, {"model": "round.address", "pk": 901, "fields": {"door_number": 32, "name": 8, "comments": ""}}, {"model": "round.address", "pk": 902, "fields": {"door_number": 33, "name": 8, "comments": ""}}, {"model": "round.address", "pk": 903, "fields": {"door_number": 34, "name": 8, "comments": ""}}, {"model": "round.address", "pk": 904, "fields": {"door_number": 35, "name": 8, "comments": ""}}, {"model": "round.address", "pk": 905, "fields": {"door_number": 36, "name": 8, "comments": ""}}, {"model": "round.address", "pk": 906, "fields": {"door_number": 37, "name": 8, "comments": ""}}, {"model": "round.address", "pk": 907, "fields": {"door_number": 38, "name": 8, "comments": ""}}, {"model": "round.address", "pk": 908, "fields": {"door_number": 39, "name": 8, "comments": ""}}, {"model": "round.address", "pk": 909, "fields": {"door_number": 40, "name": 8, "comments": ""}}, {"model": "round.address", "pk": 910, "fields": {"door_number": 41, "name": 8, "comments": ""}}, {"model": "round.address", "pk": 911, "fields": {"door_number": 42, "name": 8, "comments": ""}}, {"model": "round.address", "pk": 912, "fields": {"door_number": 43, "name": 8, "comments": ""}}, {"model": "round.address", "pk": 913, "fields": {"door_number": 44, "name": 8, "comments": ""}}, {"model": "round.address", "pk": 914, "fields": {"door_number": 45, "name": 8, "comments": ""}}, {"model": "round.address", "pk": 915, "fields": {"door_number": 46, "name": 8, "comments": ""}}, {"model": "round.address", "pk": 916, "fields": {"door_number": 47, "name": 8, "comments": ""}}, {"model": "round.address", "pk": 917, "fields": {"door_number": 48, "name": 8, "comments": ""}}, {"model": "round.address", "pk": 918, "fields": {"door_number": 49, "name": 8, "comments": ""}}, {"model": "round.address", "pk": 919, "fields": {"door_number": 50, "name": 8, "comments": ""}}, {"model": "round.address", "pk": 920, "fields": {"door_number": 51, "name": 8, "comments": ""}}, {"model": "round.address", "pk": 921, "fields": {"door_number": 52, "name": 8, "comments": ""}}, {"model": "round.address", "pk": 922, "fields": {"door_number": 53, "name": 8, "comments": ""}}, {"model": "round.address", "pk": 923, "fields": {"door_number": 54, "name": 8, "comments": ""}}, {"model": "round.address", "pk": 924, "fields": {"door_number": 55, "name": 8, "comments": ""}}, {"model": "round.address", "pk": 925, "fields": {"door_number": 56, "name": 8, "comments": ""}}, {"model": "round.address", "pk": 926, "fields": {"door_number": 57, "name": 8, "comments": ""}}, {"model": "round.address", "pk": 927, "fields": {"door_number": 58, "name": 8, "comments": ""}}, {"model": "round.address", "pk": 928, "fields": {"door_number": 59, "name": 8, "comments": ""}}, {"model": "round.address", "pk": 929, "fields": {"door_number": 60, "name": 8, "comments": ""}}, {"model": "round.address", "pk": 930, "fields": {"door_number": 61, "name": 8, "comments": ""}}, {"model": "round.address", "pk": 931, "fields": {"door_number": 62, "name": 8, "comments": ""}}, {"model": "round.address", "pk": 932, "fields": {"door_number": 63, "name": 8, "comments": ""}}, {"model": "round.address", "pk": 933, "fields": {"door_number": 64, "name": 8, "comments": ""}}, {"model": "round.address", "pk": 934, "fields": {"door_number": 65, "name": 8, "comments": ""}}, {"model": "round.address", "pk": 935, "fields": {"door_number": 66, "name": 8, "comments": ""}}, {"model": "round.address", "pk": 958, "fields": {"door_number": 1, "name": 2, "comments": ""}}, {"model": "round.address", "pk": 959, "fields": {"door_number": 2, "name": 2, "comments": ""}}, {"model": "round.address", "pk": 960, "fields": {"door_number": 3, "name": 2, "comments": ""}}, {"model": "round.address", "pk": 961, "fields": {"door_number": 4, "name": 2, "comments": ""}}, {"model": "round.address", "pk": 962, "fields": {"door_number": 5, "name": 2, "comments": ""}}, {"model": "round.address", "pk": 963, "fields": {"door_number": 6, "name": 2, "comments": ""}}, {"model": "round.address", "pk": 964, "fields": {"door_number": 7, "name": 2, "comments": ""}}, {"model": "round.address", "pk": 965, "fields": {"door_number": 8, "name": 2, "comments": ""}}, {"model": "round.address", "pk": 966, "fields": {"door_number": 9, "name": 2, "comments": ""}}, {"model": "round.address", "pk": 967, "fields": {"door_number": 10, "name": 2, "comments": ""}}, {"model": "round.address", "pk": 968, "fields": {"door_number": 11, "name": 2, "comments": ""}}, {"model": "round.address", "pk": 969, "fields": {"door_number": 12, "name": 2, "comments": ""}}, {"model": "round.address", "pk": 970, "fields": {"door_number": 13, "name": 2, "comments": ""}}, {"model": "round.address", "pk": 971, "fields": {"door_number": 14, "name": 2, "comments": ""}}, {"model": "round.address", "pk": 972, "fields": {"door_number": 15, "name": 2, "comments": ""}}, {"model": "round.address", "pk": 973, "fields": {"door_number": 16, "name": 2, "comments": ""}}, {"model": "round.address", "pk": 974, "fields": {"door_number": 17, "name": 2, "comments": ""}}, {"model": "round.address", "pk": 975, "fields": {"door_number": 18, "name": 2, "comments": ""}}, {"model": "round.address", "pk": 976, "fields": {"door_number": 19, "name": 2, "comments": ""}}, {"model": "round.address", "pk": 977, "fields": {"door_number": 20, "name": 2, "comments": ""}}, {"model": "round.address", "pk": 978, "fields": {"door_number": 21, "name": 2, "comments": ""}}, {"model": "round.address", "pk": 979, "fields": {"door_number": 22, "name": 2, "comments": ""}}, {"model": "round.address", "pk": 980, "fields": {"door_number": 23, "name": 2, "comments": ""}}, {"model": "round.address", "pk": 981, "fields": {"door_number": 24, "name": 2, "comments": ""}}, {"model": "round.address", "pk": 982, "fields": {"door_number": 25, "name": 2, "comments": ""}}, {"model": "round.address", "pk": 983, "fields": {"door_number": 26, "name": 2, "comments": ""}}, {"model": "round.address", "pk": 984, "fields": {"door_number": 27, "name": 2, "comments": ""}}, {"model": "round.address", "pk": 985, "fields": {"door_number": 28, "name": 2, "comments": ""}}, {"model": "round.address", "pk": 986, "fields": {"door_number": 29, "name": 2, "comments": ""}}, {"model": "round.address", "pk": 987, "fields": {"door_number": 30, "name": 2, "comments": ""}}, {"model": "round.address", "pk": 988, "fields": {"door_number": 31, "name": 2, "comments": ""}}, {"model": "round.address", "pk": 989, "fields": {"door_number": 32, "name": 2, "comments": ""}}, {"model": "round.address", "pk": 990, "fields": {"door_number": 33, "name": 2, "comments": ""}}, {"model": "round.address", "pk": 991, "fields": {"door_number": 34, "name": 2, "comments": ""}}, {"model": "round.address", "pk": 992, "fields": {"door_number": 35, "name": 2, "comments": ""}}, {"model": "round.address", "pk": 993, "fields": {"door_number": 36, "name": 2, "comments": ""}}, {"model": "round.address", "pk": 994, "fields": {"door_number": 37, "name": 2, "comments": ""}}, {"model": "round.address", "pk": 995, "fields": {"door_number": 38, "name": 2, "comments": ""}}, {"model": "round.address", "pk": 996, "fields": {"door_number": 39, "name": 2, "comments": ""}}, {"model": "round.address", "pk": 997, "fields": {"door_number": 40, "name": 2, "comments": ""}}, {"model": "round.address", "pk": 998, "fields": {"door_number": 41, "name": 2, "comments": ""}}, {"model": "round.address", "pk": 999, "fields": {"door_number": 42, "name": 2, "comments": ""}}, {"model": "round.address", "pk": 1000, "fields": {"door_number": 43, "name": 2, "comments": ""}}, {"model": "round.address", "pk": 1001, "fields": {"door_number": 44, "name": 2, "comments": ""}}, {"model": "round.address", "pk": 1002, "fields": {"door_number": 45, "name": 2, "comments": ""}}, {"model": "round.address", "pk": 1003, "fields": {"door_number": 46, "name": 2, "comments": ""}}, {"model": "round.address", "pk": 1004, "fields": {"door_number": 47, "name": 2, "comments": ""}}, {"model": "round.address", "pk": 1005, "fields": {"door_number": 48, "name": 2, "comments": ""}}, {"model": "round.address", "pk": 1006, "fields": {"door_number": 49, "name": 2, "comments": ""}}, {"model": "round.address", "pk": 1007, "fields": {"door_number": 50, "name": 2, "comments": ""}}, {"model": "round.address", "pk": 1008, "fields": {"door_number": 51, "name": 2, "comments": ""}}, {"model": "round.address", "pk": 1009, "fields": {"door_number": 52, "name": 2, "comments": ""}}, {"model": "round.address", "pk": 1010, "fields": {"door_number": 53, "name": 2, "comments": ""}}, {"model": "round.address", "pk": 1011, "fields": {"door_number": 54, "name": 2, "comments": ""}}, {"model": "round.address", "pk": 1012, "fields": {"door_number": 55, "name": 2, "comments": ""}}, {"model": "round.address", "pk": 1013, "fields": {"door_number": 56, "name": 2, "comments": ""}}, {"model": "round.address", "pk": 1014, "fields": {"door_number": 57, "name": 2, "comments": ""}}, {"model": "round.address", "pk": 1015, "fields": {"door_number": 58, "name": 2, "comments": ""}}, {"model": "round.address", "pk": 1016, "fields": {"door_number": 59, "name": 2, "comments": ""}}, {"model": "round.address", "pk": 1017, "fields": {"door_number": 60, "name": 2, "comments": ""}}, {"model": "round.address", "pk": 1018, "fields": {"door_number": 61, "name": 2, "comments": ""}}, {"model": "round.address", "pk": 1019, "fields": {"door_number": 62, "name": 2, "comments": ""}}, {"model": "round.address", "pk": 1020, "fields": {"door_number": 63, "name": 2, "comments": ""}}, {"model": "round.address", "pk": 1021, "fields": {"door_number": 64, "name": 2, "comments": ""}}, {"model": "round.address", "pk": 1022, "fields": {"door_number": 65, "name": 2, "comments": ""}}, {"model": "round.address", "pk": 1023, "fields": {"door_number": 66, "name": 2, "comments": ""}}, {"model": "round.address", "pk": 1024, "fields": {"door_number": 67, "name": 2, "comments": ""}}, {"model": "round.address", "pk": 1025, "fields": {"door_number": 68, "name": 2, "comments": ""}}, {"model": "round.address", "pk": 1026, "fields": {"door_number": 69, "name": 2, "comments": ""}}, {"model": "round.address", "pk": 1027, "fields": {"door_number": 70, "name": 2, "comments": ""}}, {"model": "round.address", "pk": 1028, "fields": {"door_number": 71, "name": 2, "comments": ""}}, {"model": "round.address", "pk": 1029, "fields": {"door_number": 72, "name": 2, "comments": ""}}, {"model": "round.address", "pk": 1030, "fields": {"door_number": 73, "name": 2, "comments": ""}}, {"model": "round.address", "pk": 1031, "fields": {"door_number": 74, "name": 2, "comments": ""}}, {"model": "round.address", "pk": 1032, "fields": {"door_number": 75, "name": 2, "comments": ""}}, {"model": "round.address", "pk": 1033, "fields": {"door_number": 76, "name": 2, "comments": ""}}, {"model": "round.address", "pk": 1034, "fields": {"door_number": 77, "name": 2, "comments": ""}}, {"model": "round.address", "pk": 1035, "fields": {"door_number": 78, "name": 2, "comments": ""}}, {"model": "round.address", "pk": 1036, "fields": {"door_number": 79, "name": 2, "comments": ""}}, {"model": "round.address", "pk": 1037, "fields": {"door_number": 80, "name": 2, "comments": ""}}, {"model": "round.address", "pk": 1038, "fields": {"door_number": 81, "name": 2, "comments": ""}}, {"model": "round.address", "pk": 1039, "fields": {"door_number": 82, "name": 2, "comments": ""}}, {"model": "round.address", "pk": 1040, "fields": {"door_number": 83, "name": 2, "comments": ""}}, {"model": "round.address", "pk": 1041, "fields": {"door_number": 84, "name": 2, "comments": ""}}, {"model": "round.address", "pk": 1042, "fields": {"door_number": 85, "name": 2, "comments": ""}}, {"model": "round.address", "pk": 1043, "fields": {"door_number": 86, "name": 2, "comments": ""}}, {"model": "round.address", "pk": 1044, "fields": {"door_number": 87, "name": 2, "comments": ""}}, {"model": "round.address", "pk": 1045, "fields": {"door_number": 88, "name": 2, "comments": ""}}, {"model": "round.address", "pk": 1046, "fields": {"door_number": 89, "name": 2, "comments": ""}}, {"model": "round.address", "pk": 1047, "fields": {"door_number": 90, "name": 2, "comments": ""}}, {"model": "round.address", "pk": 1048, "fields": {"door_number": 91, "name": 2, "comments": ""}}, {"model": "round.address", "pk": 1049, "fields": {"door_number": 92, "name": 2, "comments": ""}}, {"model": "round.address", "pk": 1050, "fields": {"door_number": 93, "name": 2, "comments": ""}}, {"model": "round.address", "pk": 1051, "fields": {"door_number": 94, "name": 2, "comments": ""}}, {"model": "round.address", "pk": 1052, "fields": {"door_number": 95, "name": 2, "comments": ""}}, {"model": "round.address", "pk": 1053, "fields": {"door_number": 96, "name": 2, "comments": ""}}, {"model": "round.address", "pk": 1054, "fields": {"door_number": 97, "name": 2, "comments": ""}}, {"model": "round.address", "pk": 1055, "fields": {"door_number": 98, "name": 2, "comments": ""}}, {"model": "round.address", "pk": 1056, "fields": {"door_number": 99, "name": 2, "comments": ""}}, {"model": "round.address", "pk": 1057, "fields": {"door_number": 100, "name": 2, "comments": ""}}, {"model": "round.address", "pk": 1058, "fields": {"door_number": 101, "name": 2, "comments": ""}}, {"model": "round.address", "pk": 1059, "fields": {"door_number": 102, "name": 2, "comments": ""}}, {"model": "round.address", "pk": 1060, "fields": {"door_number": 103, "name": 2, "comments": ""}}, {"model": "round.address", "pk": 1061, "fields": {"door_number": 104, "name": 2, "comments": ""}}, {"model": "round.address", "pk": 1062, "fields": {"door_number": 105, "name": 2, "comments": ""}}, {"model": "round.address", "pk": 1063, "fields": {"door_number": 106, "name": 2, "comments": ""}}, {"model": "round.address", "pk": 1064, "fields": {"door_number": 107, "name": 2, "comments": ""}}, {"model": "round.address", "pk": 1065, "fields": {"door_number": 108, "name": 2, "comments": ""}}, {"model": "round.address", "pk": 1066, "fields": {"door_number": 109, "name": 2, "comments": ""}}, {"model": "round.address", "pk": 1067, "fields": {"door_number": 110, "name": 2, "comments": ""}}, {"model": "round.address", "pk": 1068, "fields": {"door_number": 111, "name": 2, "comments": ""}}, {"model": "round.address", "pk": 1069, "fields": {"door_number": 112, "name": 2, "comments": ""}}, {"model": "round.address", "pk": 1070, "fields": {"door_number": 113, "name": 2, "comments": ""}}, {"model": "round.address", "pk": 1071, "fields": {"door_number": 114, "name": 2, "comments": ""}}, {"model": "round.address", "pk": 1072, "fields": {"door_number": 115, "name": 2, "comments": ""}}, {"model": "round.address", "pk": 1073, "fields": {"door_number": 116, "name": 2, "comments": ""}}, {"model": "round.address", "pk": 1074, "fields": {"door_number": 117, "name": 2, "comments": ""}}, {"model": "round.address", "pk": 1075, "fields": {"door_number": 118, "name": 2, "comments": ""}}, {"model": "round.address", "pk": 1076, "fields": {"door_number": 119, "name": 2, "comments": ""}}, {"model": "round.address", "pk": 1077, "fields": {"door_number": 120, "name": 2, "comments": ""}}, {"model": "round.address", "pk": 1078, "fields": {"door_number": 121, "name": 2, "comments": ""}}, {"model": "round.address", "pk": 1079, "fields": {"door_number": 122, "name": 2, "comments": ""}}, {"model": "round.address", "pk": 1080, "fields": {"door_number": 123, "name": 2, "comments": ""}}, {"model": "round.address", "pk": 1081, "fields": {"door_number": 124, "name": 2, "comments": ""}}, {"model": "round.address", "pk": 1082, "fields": {"door_number": 125, "name": 2, "comments": ""}}, {"model": "round.address", "pk": 1083, "fields": {"door_number": 126, "name": 2, "comments": ""}}, {"model": "round.address", "pk": 1084, "fields": {"door_number": 127, "name": 2, "comments": ""}}, {"model": "round.address", "pk": 1085, "fields": {"door_number": 128, "name": 2, "comments": ""}}, {"model": "round.address", "pk": 1086, "fields": {"door_number": 129, "name": 2, "comments": ""}}, {"model": "round.address", "pk": 1087, "fields": {"door_number": 130, "name": 2, "comments": ""}}, {"model": "round.address", "pk": 1088, "fields": {"door_number": 131, "name": 2, "comments": ""}}, {"model": "round.address", "pk": 1089, "fields": {"door_number": 132, "name": 2, "comments": ""}}, {"model": "round.address", "pk": 1090, "fields": {"door_number": 133, "name": 2, "comments": ""}}, {"model": "round.address", "pk": 1091, "fields": {"door_number": 134, "name": 2, "comments": ""}}, {"model": "round.address", "pk": 1092, "fields": {"door_number": 135, "name": 2, "comments": ""}}, {"model": "round.address", "pk": 1093, "fields": {"door_number": 136, "name": 2, "comments": ""}}, {"model": "round.address", "pk": 1094, "fields": {"door_number": 137, "name": 2, "comments": ""}}, {"model": "round.address", "pk": 1095, "fields": {"door_number": 138, "name": 2, "comments": ""}}, {"model": "round.address", "pk": 1096, "fields": {"door_number": 139, "name": 2, "comments": ""}}, {"model": "round.address", "pk": 1097, "fields": {"door_number": 140, "name": 2, "comments": ""}}, {"model": "round.address", "pk": 1098, "fields": {"door_number": 141, "name": 2, "comments": ""}}, {"model": "round.address", "pk": 1099, "fields": {"door_number": 142, "name": 2, "comments": ""}}, {"model": "round.address", "pk": 1100, "fields": {"door_number": 143, "name": 2, "comments": ""}}, {"model": "round.address", "pk": 1101, "fields": {"door_number": 144, "name": 2, "comments": ""}}, {"model": "round.address", "pk": 1102, "fields": {"door_number": 145, "name": 2, "comments": ""}}, {"model": "round.address", "pk": 1103, "fields": {"door_number": 146, "name": 2, "comments": ""}}, {"model": "round.address", "pk": 1104, "fields": {"door_number": 147, "name": 2, "comments": ""}}, {"model": "round.address", "pk": 1105, "fields": {"door_number": 148, "name": 2, "comments": ""}}, {"model": "round.address", "pk": 1106, "fields": {"door_number": 149, "name": 2, "comments": ""}}, {"model": "round.address", "pk": 1107, "fields": {"door_number": 150, "name": 2, "comments": ""}}, {"model": "round.address", "pk": 1108, "fields": {"door_number": 151, "name": 2, "comments": ""}}, {"model": "round.address", "pk": 1109, "fields": {"door_number": 152, "name": 2, "comments": ""}}, {"model": "round.address", "pk": 1110, "fields": {"door_number": 153, "name": 2, "comments": ""}}, {"model": "round.address", "pk": 1111, "fields": {"door_number": 154, "name": 2, "comments": ""}}, {"model": "round.address", "pk": 1112, "fields": {"door_number": 155, "name": 2, "comments": ""}}, {"model": "round.address", "pk": 1113, "fields": {"door_number": 156, "name": 2, "comments": ""}}, {"model": "round.address", "pk": 1114, "fields": {"door_number": 157, "name": 2, "comments": ""}}, {"model": "round.address", "pk": 1115, "fields": {"door_number": 158, "name": 2, "comments": ""}}, {"model": "round.address", "pk": 1116, "fields": {"door_number": 159, "name": 2, "comments": ""}}, {"model": "round.address", "pk": 1117, "fields": {"door_number": 160, "name": 2, "comments": ""}}, {"model": "round.address", "pk": 1118, "fields": {"door_number": 161, "name": 2, "comments": ""}}, {"model": "round.address", "pk": 1119, "fields": {"door_number": 162, "name": 2, "comments": ""}}, {"model": "round.address", "pk": 1120, "fields": {"door_number": 163, "name": 2, "comments": ""}}, {"model": "round.address", "pk": 1121, "fields": {"door_number": 164, "name": 2, "comments": ""}}, {"model": "round.address", "pk": 1122, "fields": {"door_number": 165, "name": 2, "comments": ""}}, {"model": "round.address", "pk": 1123, "fields": {"door_number": 166, "name": 2, "comments": ""}}, {"model": "round.address", "pk": 1124, "fields": {"door_number": 167, "name": 2, "comments": ""}}, {"model": "round.address", "pk": 1125, "fields": {"door_number": 168, "name": 2, "comments": ""}}, {"model": "round.address", "pk": 1126, "fields": {"door_number": 169, "name": 2, "comments": ""}}, {"model": "round.address", "pk": 1127, "fields": {"door_number": 170, "name": 2, "comments": ""}}, {"model": "round.address", "pk": 1128, "fields": {"door_number": 171, "name": 2, "comments": ""}}, {"model": "round.address", "pk": 1129, "fields": {"door_number": 172, "name": 2, "comments": ""}}, {"model": "round.address", "pk": 1130, "fields": {"door_number": 173, "name": 2, "comments": ""}}, {"model": "round.address", "pk": 1131, "fields": {"door_number": 174, "name": 2, "comments": ""}}, {"model": "round.address", "pk": 1132, "fields": {"door_number": 175, "name": 2, "comments": ""}}, {"model": "round.address", "pk": 1133, "fields": {"door_number": 176, "name": 2, "comments": ""}}, {"model": "round.address", "pk": 1134, "fields": {"door_number": 177, "name": 2, "comments": ""}}, {"model": "round.address", "pk": 1135, "fields": {"door_number": 178, "name": 2, "comments": ""}}, {"model": "round.address", "pk": 1136, "fields": {"door_number": 179, "name": 2, "comments": ""}}, {"model": "round.address", "pk": 1137, "fields": {"door_number": 180, "name": 2, "comments": ""}}, {"model": "round.address", "pk": 1138, "fields": {"door_number": 181, "name": 2, "comments": ""}}, {"model": "round.address", "pk": 1139, "fields": {"door_number": 182, "name": 2, "comments": ""}}, {"model": "round.address", "pk": 1140, "fields": {"door_number": 183, "name": 2, "comments": ""}}, {"model": "round.address", "pk": 1141, "fields": {"door_number": 184, "name": 2, "comments": ""}}, {"model": "round.address", "pk": 1142, "fields": {"door_number": 185, "name": 2, "comments": ""}}, {"model": "round.address", "pk": 1143, "fields": {"door_number": 186, "name": 2, "comments": ""}}, {"model": "round.address", "pk": 1144, "fields": {"door_number": 187, "name": 2, "comments": ""}}, {"model": "round.address", "pk": 1145, "fields": {"door_number": 188, "name": 2, "comments": ""}}, {"model": "round.address", "pk": 1146, "fields": {"door_number": 189, "name": 2, "comments": ""}}, {"model": "round.address", "pk": 1147, "fields": {"door_number": 190, "name": 2, "comments": ""}}, {"model": "round.address", "pk": 1148, "fields": {"door_number": 191, "name": 2, "comments": ""}}, {"model": "round.address", "pk": 1149, "fields": {"door_number": 192, "name": 2, "comments": ""}}, {"model": "round.address", "pk": 1150, "fields": {"door_number": 193, "name": 2, "comments": ""}}, {"model": "round.address", "pk": 1151, "fields": {"door_number": 194, "name": 2, "comments": ""}}, {"model": "round.address", "pk": 1152, "fields": {"door_number": 195, "name": 2, "comments": ""}}, {"model": "round.address", "pk": 1153, "fields": {"door_number": 196, "name": 2, "comments": ""}}, {"model": "round.address", "pk": 1154, "fields": {"door_number": 197, "name": 2, "comments": ""}}, {"model": "round.address", "pk": 1155, "fields": {"door_number": 198, "name": 2, "comments": ""}}, {"model": "round.address", "pk": 1156, "fields": {"door_number": 199, "name": 2, "comments": ""}}, {"model": "round.address", "pk": 1157, "fields": {"door_number": 200, "name": 2, "comments": ""}}, {"model": "round.address", "pk": 1158, "fields": {"door_number": 201, "name": 2, "comments": ""}}, {"model": "round.address", "pk": 1159, "fields": {"door_number": 202, "name": 2, "comments": ""}}, {"model": "round.address", "pk": 1160, "fields": {"door_number": 203, "name": 2, "comments": ""}}, {"model": "round.address", "pk": 1161, "fields": {"door_number": 204, "name": 2, "comments": ""}}, {"model": "round.address", "pk": 1162, "fields": {"door_number": 205, "name": 2, "comments": ""}}, {"model": "round.address", "pk": 1163, "fields": {"door_number": 206, "name": 2, "comments": ""}}, {"model": "round.address", "pk": 1164, "fields": {"door_number": 207, "name": 2, "comments": ""}}, {"model": "round.address", "pk": 1165, "fields": {"door_number": 208, "name": 2, "comments": ""}}, {"model": "round.address", "pk": 1166, "fields": {"door_number": 209, "name": 2, "comments": ""}}, {"model": "round.address", "pk": 1167, "fields": {"door_number": 210, "name": 2, "comments": ""}}, {"model": "round.address", "pk": 1168, "fields": {"door_number": 211, "name": 2, "comments": ""}}, {"model": "round.address", "pk": 1169, "fields": {"door_number": 212, "name": 2, "comments": ""}}, {"model": "round.address", "pk": 1170, "fields": {"door_number": 213, "name": 2, "comments": ""}}, {"model": "round.address", "pk": 1171, "fields": {"door_number": 214, "name": 2, "comments": ""}}, {"model": "round.address", "pk": 1172, "fields": {"door_number": 215, "name": 2, "comments": ""}}, {"model": "round.address", "pk": 1173, "fields": {"door_number": 216, "name": 2, "comments": ""}}, {"model": "round.address", "pk": 1174, "fields": {"door_number": 217, "name": 2, "comments": ""}}, {"model": "round.address", "pk": 1175, "fields": {"door_number": 218, "name": 2, "comments": ""}}, {"model": "round.address", "pk": 1176, "fields": {"door_number": 219, "name": 2, "comments": ""}}, {"model": "round.address", "pk": 1177, "fields": {"door_number": 220, "name": 2, "comments": ""}}, {"model": "round.address", "pk": 1183, "fields": {"door_number": 1, "name": 11, "comments": ""}}, {"model": "round.address", "pk": 1184, "fields": {"door_number": 2, "name": 11, "comments": ""}}, {"model": "round.address", "pk": 1185, "fields": {"door_number": 3, "name": 11, "comments": ""}}, {"model": "round.address", "pk": 1186, "fields": {"door_number": 4, "name": 11, "comments": ""}}, {"model": "round.address", "pk": 1187, "fields": {"door_number": 5, "name": 11, "comments": ""}}, {"model": "round.address", "pk": 1188, "fields": {"door_number": 6, "name": 11, "comments": ""}}, {"model": "round.address", "pk": 1189, "fields": {"door_number": 7, "name": 11, "comments": ""}}, {"model": "round.address", "pk": 1190, "fields": {"door_number": 8, "name": 11, "comments": ""}}, {"model": "round.address", "pk": 1191, "fields": {"door_number": 9, "name": 11, "comments": ""}}, {"model": "round.address", "pk": 1192, "fields": {"door_number": 10, "name": 11, "comments": ""}}, {"model": "round.address", "pk": 1193, "fields": {"door_number": 11, "name": 11, "comments": ""}}, {"model": "round.address", "pk": 1194, "fields": {"door_number": 12, "name": 11, "comments": ""}}, {"model": "round.address", "pk": 1195, "fields": {"door_number": 13, "name": 11, "comments": ""}}, {"model": "round.address", "pk": 1196, "fields": {"door_number": 14, "name": 11, "comments": ""}}, {"model": "round.address", "pk": 1197, "fields": {"door_number": 15, "name": 11, "comments": ""}}, {"model": "round.address", "pk": 1198, "fields": {"door_number": 16, "name": 11, "comments": ""}}, {"model": "round.address", "pk": 1199, "fields": {"door_number": 17, "name": 11, "comments": ""}}, {"model": "round.address", "pk": 1200, "fields": {"door_number": 18, "name": 11, "comments": ""}}, {"model": "round.address", "pk": 1201, "fields": {"door_number": 19, "name": 11, "comments": ""}}, {"model": "round.address", "pk": 1202, "fields": {"door_number": 20, "name": 11, "comments": ""}}, {"model": "round.address", "pk": 1203, "fields": {"door_number": 21, "name": 11, "comments": ""}}, {"model": "round.address", "pk": 1204, "fields": {"door_number": 22, "name": 11, "comments": ""}}, {"model": "round.address", "pk": 1205, "fields": {"door_number": 23, "name": 11, "comments": ""}}, {"model": "round.address", "pk": 1206, "fields": {"door_number": 24, "name": 11, "comments": ""}}, {"model": "round.address", "pk": 1207, "fields": {"door_number": 25, "name": 11, "comments": ""}}, {"model": "round.address", "pk": 1208, "fields": {"door_number": 26, "name": 11, "comments": ""}}, {"model": "round.address", "pk": 1209, "fields": {"door_number": 27, "name": 11, "comments": ""}}, {"model": "round.address", "pk": 1210, "fields": {"door_number": 28, "name": 11, "comments": ""}}, {"model": "round.address", "pk": 1211, "fields": {"door_number": 29, "name": 11, "comments": ""}}, {"model": "round.address", "pk": 1212, "fields": {"door_number": 30, "name": 11, "comments": ""}}, {"model": "round.address", "pk": 1213, "fields": {"door_number": 31, "name": 11, "comments": ""}}, {"model": "round.address", "pk": 1214, "fields": {"door_number": 32, "name": 11, "comments": ""}}, {"model": "round.address", "pk": 1215, "fields": {"door_number": 33, "name": 11, "comments": ""}}, {"model": "round.address", "pk": 1216, "fields": {"door_number": 34, "name": 11, "comments": ""}}, {"model": "round.address", "pk": 1217, "fields": {"door_number": 35, "name": 11, "comments": ""}}, {"model": "round.address", "pk": 1218, "fields": {"door_number": 36, "name": 11, "comments": ""}}, {"model": "round.address", "pk": 1219, "fields": {"door_number": 37, "name": 11, "comments": ""}}, {"model": "round.address", "pk": 1220, "fields": {"door_number": 38, "name": 11, "comments": ""}}, {"model": "round.address", "pk": 1221, "fields": {"door_number": 39, "name": 11, "comments": ""}}, {"model": "round.address", "pk": 1222, "fields": {"door_number": 40, "name": 11, "comments": ""}}, {"model": "round.address", "pk": 1223, "fields": {"door_number": 41, "name": 11, "comments": ""}}, {"model": "round.address", "pk": 1224, "fields": {"door_number": 42, "name": 11, "comments": ""}}, {"model": "round.address", "pk": 1225, "fields": {"door_number": 43, "name": 11, "comments": ""}}, {"model": "round.address", "pk": 1226, "fields": {"door_number": 44, "name": 11, "comments": ""}}, {"model": "round.address", "pk": 1227, "fields": {"door_number": 45, "name": 11, "comments": ""}}, {"model": "round.address", "pk": 1228, "fields": {"door_number": 46, "name": 11, "comments": ""}}, {"model": "round.address", "pk": 1229, "fields": {"door_number": 47, "name": 11, "comments": ""}}, {"model": "round.address", "pk": 1230, "fields": {"door_number": 48, "name": 11, "comments": ""}}, {"model": "round.address", "pk": 1231, "fields": {"door_number": 49, "name": 11, "comments": ""}}, {"model": "round.address", "pk": 1232, "fields": {"door_number": 50, "name": 11, "comments": ""}}, {"model": "round.address", "pk": 1233, "fields": {"door_number": 51, "name": 11, "comments": ""}}, {"model": "round.address", "pk": 1234, "fields": {"door_number": 52, "name": 11, "comments": ""}}, {"model": "round.address", "pk": 1235, "fields": {"door_number": 53, "name": 11, "comments": ""}}, {"model": "round.address", "pk": 1236, "fields": {"door_number": 54, "name": 11, "comments": ""}}, {"model": "round.address", "pk": 1237, "fields": {"door_number": 55, "name": 11, "comments": ""}}, {"model": "round.address", "pk": 1238, "fields": {"door_number": 56, "name": 11, "comments": ""}}, {"model": "round.address", "pk": 1239, "fields": {"door_number": 57, "name": 11, "comments": ""}}, {"model": "round.address", "pk": 1240, "fields": {"door_number": 58, "name": 11, "comments": ""}}, {"model": "round.address", "pk": 1241, "fields": {"door_number": 59, "name": 11, "comments": ""}}, {"model": "round.address", "pk": 1242, "fields": {"door_number": 60, "name": 11, "comments": ""}}, {"model": "round.address", "pk": 1243, "fields": {"door_number": 61, "name": 11, "comments": ""}}, {"model": "round.address", "pk": 1244, "fields": {"door_number": 62, "name": 11, "comments": ""}}, {"model": "round.address", "pk": 1245, "fields": {"door_number": 63, "name": 11, "comments": ""}}, {"model": "round.address", "pk": 1246, "fields": {"door_number": 64, "name": 11, "comments": ""}}, {"model": "round.address", "pk": 1247, "fields": {"door_number": 65, "name": 11, "comments": ""}}, {"model": "round.address", "pk": 1248, "fields": {"door_number": 66, "name": 11, "comments": ""}}, {"model": "round.address", "pk": 1249, "fields": {"door_number": 67, "name": 11, "comments": ""}}, {"model": "round.address", "pk": 1250, "fields": {"door_number": 68, "name": 11, "comments": ""}}, {"model": "round.address", "pk": 1251, "fields": {"door_number": 69, "name": 11, "comments": ""}}, {"model": "round.address", "pk": 1252, "fields": {"door_number": 70, "name": 11, "comments": ""}}, {"model": "round.address", "pk": 1253, "fields": {"door_number": 71, "name": 11, "comments": ""}}, {"model": "round.address", "pk": 1254, "fields": {"door_number": 72, "name": 11, "comments": ""}}, {"model": "round.address", "pk": 1255, "fields": {"door_number": 73, "name": 11, "comments": ""}}, {"model": "round.address", "pk": 1256, "fields": {"door_number": 74, "name": 11, "comments": ""}}, {"model": "round.address", "pk": 1257, "fields": {"door_number": 75, "name": 11, "comments": ""}}, {"model": "round.address", "pk": 1258, "fields": {"door_number": 76, "name": 11, "comments": ""}}, {"model": "round.address", "pk": 1259, "fields": {"door_number": 77, "name": 11, "comments": ""}}, {"model": "round.address", "pk": 1260, "fields": {"door_number": 78, "name": 11, "comments": ""}}, {"model": "round.address", "pk": 1261, "fields": {"door_number": 79, "name": 11, "comments": ""}}, {"model": "round.address", "pk": 1262, "fields": {"door_number": 80, "name": 11, "comments": ""}}, {"model": "round.address", "pk": 1263, "fields": {"door_number": 81, "name": 11, "comments": ""}}, {"model": "round.address", "pk": 1264, "fields": {"door_number": 82, "name": 11, "comments": ""}}, {"model": "round.address", "pk": 1265, "fields": {"door_number": 83, "name": 11, "comments": ""}}, {"model": "round.address", "pk": 1266, "fields": {"door_number": 84, "name": 11, "comments": ""}}, {"model": "round.address", "pk": 1267, "fields": {"door_number": 85, "name": 11, "comments": ""}}, {"model": "round.address", "pk": 1268, "fields": {"door_number": 86, "name": 11, "comments": ""}}, {"model": "round.address", "pk": 1269, "fields": {"door_number": 87, "name": 11, "comments": ""}}, {"model": "round.address", "pk": 1270, "fields": {"door_number": 88, "name": 11, "comments": ""}}, {"model": "round.address", "pk": 1271, "fields": {"door_number": 89, "name": 11, "comments": ""}}, {"model": "round.address", "pk": 1272, "fields": {"door_number": 90, "name": 11, "comments": ""}}, {"model": "round.address", "pk": 1273, "fields": {"door_number": 91, "name": 11, "comments": ""}}, {"model": "round.address", "pk": 1274, "fields": {"door_number": 92, "name": 11, "comments": ""}}, {"model": "round.address", "pk": 1275, "fields": {"door_number": 93, "name": 11, "comments": ""}}, {"model": "round.address", "pk": 1276, "fields": {"door_number": 94, "name": 11, "comments": ""}}, {"model": "round.address", "pk": 1277, "fields": {"door_number": 95, "name": 11, "comments": ""}}, {"model": "round.address", "pk": 1278, "fields": {"door_number": 96, "name": 11, "comments": ""}}, {"model": "round.address", "pk": 1279, "fields": {"door_number": 97, "name": 11, "comments": ""}}, {"model": "round.address", "pk": 1280, "fields": {"door_number": 98, "name": 11, "comments": ""}}, {"model": "round.address", "pk": 1281, "fields": {"door_number": 99, "name": 11, "comments": ""}}, {"model": "round.address", "pk": 1282, "fields": {"door_number": 100, "name": 11, "comments": ""}}, {"model": "round.address", "pk": 1283, "fields": {"door_number": 101, "name": 11, "comments": ""}}, {"model": "round.address", "pk": 1284, "fields": {"door_number": 102, "name": 11, "comments": ""}}, {"model": "round.address", "pk": 1285, "fields": {"door_number": 103, "name": 11, "comments": ""}}, {"model": "round.address", "pk": 1286, "fields": {"door_number": 104, "name": 11, "comments": ""}}, {"model": "round.address", "pk": 1287, "fields": {"door_number": 105, "name": 11, "comments": ""}}, {"model": "round.address", "pk": 1288, "fields": {"door_number": 106, "name": 11, "comments": ""}}, {"model": "round.address", "pk": 1289, "fields": {"door_number": 107, "name": 11, "comments": ""}}, {"model": "round.address", "pk": 1290, "fields": {"door_number": 108, "name": 11, "comments": ""}}, {"model": "round.address", "pk": 1291, "fields": {"door_number": 109, "name": 11, "comments": ""}}, {"model": "round.address", "pk": 1292, "fields": {"door_number": 110, "name": 11, "comments": ""}}, {"model": "round.address", "pk": 1293, "fields": {"door_number": 111, "name": 11, "comments": ""}}, {"model": "round.address", "pk": 1294, "fields": {"door_number": 112, "name": 11, "comments": ""}}, {"model": "round.address", "pk": 1295, "fields": {"door_number": 113, "name": 11, "comments": ""}}, {"model": "round.address", "pk": 1296, "fields": {"door_number": 114, "name": 11, "comments": ""}}, {"model": "round.address", "pk": 1297, "fields": {"door_number": 115, "name": 11, "comments": ""}}, {"model": "round.address", "pk": 1298, "fields": {"door_number": 116, "name": 11, "comments": ""}}, {"model": "round.address", "pk": 1299, "fields": {"door_number": 117, "name": 11, "comments": ""}}, {"model": "round.address", "pk": 1300, "fields": {"door_number": 118, "name": 11, "comments": ""}}, {"model": "round.address", "pk": 1301, "fields": {"door_number": 119, "name": 11, "comments": ""}}, {"model": "round.address", "pk": 1302, "fields": {"door_number": 120, "name": 11, "comments": ""}}, {"model": "round.address", "pk": 1303, "fields": {"door_number": 121, "name": 11, "comments": ""}}, {"model": "round.address", "pk": 1304, "fields": {"door_number": 122, "name": 11, "comments": ""}}, {"model": "round.address", "pk": 1305, "fields": {"door_number": 123, "name": 11, "comments": ""}}, {"model": "round.address", "pk": 1306, "fields": {"door_number": 124, "name": 11, "comments": ""}}, {"model": "round.address", "pk": 1307, "fields": {"door_number": 125, "name": 11, "comments": ""}}, {"model": "round.address", "pk": 1308, "fields": {"door_number": 126, "name": 11, "comments": ""}}, {"model": "round.address", "pk": 1309, "fields": {"door_number": 127, "name": 11, "comments": ""}}, {"model": "round.address", "pk": 1310, "fields": {"door_number": 128, "name": 11, "comments": ""}}, {"model": "round.address", "pk": 1311, "fields": {"door_number": 129, "name": 11, "comments": ""}}, {"model": "round.address", "pk": 1312, "fields": {"door_number": 130, "name": 11, "comments": ""}}, {"model": "round.address", "pk": 1313, "fields": {"door_number": 131, "name": 11, "comments": ""}}, {"model": "round.address", "pk": 1314, "fields": {"door_number": 132, "name": 11, "comments": ""}}, {"model": "round.address", "pk": 1315, "fields": {"door_number": 133, "name": 11, "comments": ""}}, {"model": "round.address", "pk": 1316, "fields": {"door_number": 134, "name": 11, "comments": ""}}, {"model": "round.address", "pk": 1317, "fields": {"door_number": 135, "name": 11, "comments": ""}}, {"model": "round.address", "pk": 1318, "fields": {"door_number": 136, "name": 11, "comments": ""}}, {"model": "round.address", "pk": 1319, "fields": {"door_number": 137, "name": 11, "comments": ""}}, {"model": "round.address", "pk": 1320, "fields": {"door_number": 138, "name": 11, "comments": ""}}, {"model": "round.address", "pk": 1321, "fields": {"door_number": 139, "name": 11, "comments": ""}}, {"model": "round.address", "pk": 1322, "fields": {"door_number": 140, "name": 11, "comments": ""}}, {"model": "round.address", "pk": 1323, "fields": {"door_number": 141, "name": 11, "comments": ""}}, {"model": "round.address", "pk": 1324, "fields": {"door_number": 142, "name": 11, "comments": ""}}, {"model": "round.address", "pk": 1325, "fields": {"door_number": 143, "name": 11, "comments": ""}}, {"model": "round.address", "pk": 1326, "fields": {"door_number": 144, "name": 11, "comments": ""}}, {"model": "round.address", "pk": 1327, "fields": {"door_number": 145, "name": 11, "comments": ""}}, {"model": "round.address", "pk": 1328, "fields": {"door_number": 146, "name": 11, "comments": ""}}, {"model": "round.address", "pk": 1329, "fields": {"door_number": 147, "name": 11, "comments": ""}}, {"model": "round.address", "pk": 1330, "fields": {"door_number": 148, "name": 11, "comments": ""}}, {"model": "round.address", "pk": 1331, "fields": {"door_number": 149, "name": 11, "comments": ""}}, {"model": "round.address", "pk": 1332, "fields": {"door_number": 150, "name": 11, "comments": ""}}, {"model": "round.address", "pk": 1333, "fields": {"door_number": 151, "name": 11, "comments": ""}}, {"model": "round.address", "pk": 1334, "fields": {"door_number": 152, "name": 11, "comments": ""}}, {"model": "round.address", "pk": 1335, "fields": {"door_number": 153, "name": 11, "comments": ""}}, {"model": "round.address", "pk": 1336, "fields": {"door_number": 154, "name": 11, "comments": ""}}, {"model": "round.address", "pk": 1337, "fields": {"door_number": 155, "name": 11, "comments": ""}}, {"model": "round.address", "pk": 1338, "fields": {"door_number": 156, "name": 11, "comments": ""}}, {"model": "round.address", "pk": 1339, "fields": {"door_number": 157, "name": 11, "comments": ""}}, {"model": "round.address", "pk": 1340, "fields": {"door_number": 158, "name": 11, "comments": ""}}, {"model": "round.address", "pk": 1341, "fields": {"door_number": 159, "name": 11, "comments": ""}}, {"model": "round.address", "pk": 1342, "fields": {"door_number": 160, "name": 11, "comments": ""}}, {"model": "round.address", "pk": 1343, "fields": {"door_number": 161, "name": 11, "comments": ""}}, {"model": "round.address", "pk": 1344, "fields": {"door_number": 162, "name": 11, "comments": ""}}, {"model": "round.address", "pk": 1345, "fields": {"door_number": 163, "name": 11, "comments": ""}}, {"model": "round.address", "pk": 1346, "fields": {"door_number": 164, "name": 11, "comments": ""}}, {"model": "round.address", "pk": 1347, "fields": {"door_number": 165, "name": 11, "comments": ""}}, {"model": "round.address", "pk": 1348, "fields": {"door_number": 166, "name": 11, "comments": ""}}, {"model": "round.address", "pk": 1349, "fields": {"door_number": 167, "name": 11, "comments": ""}}, {"model": "round.address", "pk": 1350, "fields": {"door_number": 168, "name": 11, "comments": ""}}, {"model": "round.address", "pk": 1351, "fields": {"door_number": 169, "name": 11, "comments": ""}}, {"model": "round.address", "pk": 1352, "fields": {"door_number": 170, "name": 11, "comments": ""}}, {"model": "round.address", "pk": 1353, "fields": {"door_number": 171, "name": 11, "comments": ""}}, {"model": "round.address", "pk": 1354, "fields": {"door_number": 172, "name": 11, "comments": ""}}, {"model": "round.address", "pk": 1355, "fields": {"door_number": 173, "name": 11, "comments": ""}}, {"model": "round.address", "pk": 1356, "fields": {"door_number": 174, "name": 11, "comments": ""}}, {"model": "round.address", "pk": 1357, "fields": {"door_number": 175, "name": 11, "comments": ""}}, {"model": "round.address", "pk": 1358, "fields": {"door_number": 176, "name": 11, "comments": ""}}, {"model": "round.address", "pk": 1359, "fields": {"door_number": 177, "name": 11, "comments": ""}}, {"model": "round.address", "pk": 1360, "fields": {"door_number": 178, "name": 11, "comments": ""}}, {"model": "round.address", "pk": 1361, "fields": {"door_number": 179, "name": 11, "comments": ""}}, {"model": "round.address", "pk": 1362, "fields": {"door_number": 180, "name": 11, "comments": ""}}, {"model": "round.address", "pk": 1363, "fields": {"door_number": 181, "name": 11, "comments": ""}}, {"model": "round.address", "pk": 1364, "fields": {"door_number": 182, "name": 11, "comments": ""}}, {"model": "round.address", "pk": 1365, "fields": {"door_number": 183, "name": 11, "comments": ""}}, {"model": "round.address", "pk": 1366, "fields": {"door_number": 184, "name": 11, "comments": ""}}, {"model": "round.address", "pk": 1367, "fields": {"door_number": 185, "name": 11, "comments": ""}}, {"model": "round.address", "pk": 1368, "fields": {"door_number": 186, "name": 11, "comments": ""}}, {"model": "round.address", "pk": 1369, "fields": {"door_number": 187, "name": 11, "comments": ""}}, {"model": "round.address", "pk": 1370, "fields": {"door_number": 188, "name": 11, "comments": ""}}, {"model": "admin.logentry", "pk": 1, "fields": {"action_time": "2020-03-07T13:02:02.375Z", "user": 1, "content_type": 7, "object_id": "1", "object_repr": "South Tyneside Green Party", "action_flag": 1, "change_message": "[{\"added\": {}}]"}}, {"model": "admin.logentry", "pk": 2, "fields": {"action_time": "2020-03-07T14:17:41.724Z", "user": 1, "content_type": 7, "object_id": "1", "object_repr": "South Tyneside Green Party", "action_flag": 2, "change_message": "[{\"changed\": {\"fields\": [\"description\"]}}]"}}, {"model": "admin.logentry", "pk": 3, "fields": {"action_time": "2020-03-08T15:19:22.794Z", "user": 1, "content_type": 7, "object_id": "1", "object_repr": "South Tyneside Green Party", "action_flag": 2, "change_message": "[{\"changed\": {\"fields\": [\"is_parent\"]}}]"}}, {"model": "admin.logentry", "pk": 4, "fields": {"action_time": "2020-03-08T15:30:31.781Z", "user": 1, "content_type": 7, "object_id": "1", "object_repr": "South Tyneside Green Party", "action_flag": 2, "change_message": "[{\"changed\": {\"fields\": [\"image_caption\"]}}]"}}, {"model": "admin.logentry", "pk": 5, "fields": {"action_time": "2020-03-08T15:34:42.234Z", "user": 1, "content_type": 7, "object_id": "2", "object_repr": "South Shields Campaign Group", "action_flag": 1, "change_message": "[{\"added\": {}}]"}}, {"model": "admin.logentry", "pk": 6, "fields": {"action_time": "2020-03-08T15:43:01.878Z", "user": 1, "content_type": 7, "object_id": "2", "object_repr": "South Shields Campaign Group", "action_flag": 2, "change_message": "[]"}}, {"model": "admin.logentry", "pk": 7, "fields": {"action_time": "2020-03-08T16:00:44.774Z", "user": 1, "content_type": 7, "object_id": "2", "object_repr": "South Shields Campaign Group", "action_flag": 2, "change_message": "[{\"changed\": {\"fields\": [\"image\"]}}]"}}, {"model": "admin.logentry", "pk": 8, "fields": {"action_time": "2020-03-08T16:02:36.774Z", "user": 1, "content_type": 7, "object_id": "2", "object_repr": "South Shields Campaign Group", "action_flag": 2, "change_message": "[{\"changed\": {\"fields\": [\"image_caption\"]}}]"}}, {"model": "admin.logentry", "pk": 9, "fields": {"action_time": "2020-03-08T16:03:55.508Z", "user": 1, "content_type": 7, "object_id": "1", "object_repr": "South Tyneside Green Party", "action_flag": 2, "change_message": "[{\"changed\": {\"fields\": [\"image_caption\"]}}]"}}, {"model": "admin.logentry", "pk": 10, "fields": {"action_time": "2020-03-08T16:04:40.180Z", "user": 1, "content_type": 7, "object_id": "1", "object_repr": "South Tyneside Green Party", "action_flag": 2, "change_message": "[{\"changed\": {\"fields\": [\"is_parent\"]}}]"}}, {"model": "admin.logentry", "pk": 11, "fields": {"action_time": "2020-03-08T16:05:01.133Z", "user": 1, "content_type": 7, "object_id": "2", "object_repr": "South Shields Campaign Group", "action_flag": 2, "change_message": "[{\"changed\": {\"fields\": [\"is_parent\"]}}]"}}, {"model": "admin.logentry", "pk": 12, "fields": {"action_time": "2020-03-08T16:05:53.258Z", "user": 1, "content_type": 7, "object_id": "2", "object_repr": "South Shields Campaign Group", "action_flag": 2, "change_message": "[{\"changed\": {\"fields\": [\"is_parent\"]}}]"}}, {"model": "admin.logentry", "pk": 13, "fields": {"action_time": "2020-03-08T16:06:32.242Z", "user": 1, "content_type": 7, "object_id": "1", "object_repr": "South Tyneside Green Party", "action_flag": 2, "change_message": "[{\"changed\": {\"fields\": [\"is_parent\"]}}]"}}, {"model": "admin.logentry", "pk": 14, "fields": {"action_time": "2020-03-08T16:30:12.304Z", "user": 1, "content_type": 7, "object_id": "1", "object_repr": "South Tyneside Green Party", "action_flag": 2, "change_message": "[{\"changed\": {\"fields\": [\"is_parent\"]}}]"}}, {"model": "admin.logentry", "pk": 15, "fields": {"action_time": "2020-03-08T16:30:44.086Z", "user": 1, "content_type": 7, "object_id": "2", "object_repr": "South Shields Campaign Group", "action_flag": 2, "change_message": "[{\"changed\": {\"fields\": [\"is_parent\"]}}]"}}, {"model": "admin.logentry", "pk": 16, "fields": {"action_time": "2020-03-08T16:31:55.132Z", "user": 1, "content_type": 7, "object_id": "2", "object_repr": "South Shields Campaign Group", "action_flag": 2, "change_message": "[{\"changed\": {\"fields\": [\"is_parent\"]}}]"}}, {"model": "admin.logentry", "pk": 17, "fields": {"action_time": "2020-03-08T16:32:15.148Z", "user": 1, "content_type": 7, "object_id": "1", "object_repr": "South Tyneside Green Party", "action_flag": 2, "change_message": "[{\"changed\": {\"fields\": [\"is_parent\"]}}]"}}, {"model": "admin.logentry", "pk": 18, "fields": {"action_time": "2020-03-10T21:08:35.528Z", "user": 1, "content_type": 7, "object_id": "1", "object_repr": "South Tyneside Green Party", "action_flag": 2, "change_message": "[{\"changed\": {\"fields\": [\"contact\", \"home_number\", \"mobile_number\"]}}]"}}, {"model": "admin.logentry", "pk": 19, "fields": {"action_time": "2020-03-10T21:10:11.115Z", "user": 1, "content_type": 7, "object_id": "2", "object_repr": "South Shields Campaign Group", "action_flag": 2, "change_message": "[{\"changed\": {\"fields\": [\"contact\", \"home_number\", \"mobile_number\"]}}]"}}, {"model": "admin.logentry", "pk": 20, "fields": {"action_time": "2020-03-12T20:33:50.881Z", "user": 1, "content_type": 7, "object_id": "3", "object_repr": "Jarrow Campaign Group", "action_flag": 2, "change_message": "[{\"changed\": {\"fields\": [\"image\"]}}]"}}, {"model": "admin.logentry", "pk": 21, "fields": {"action_time": "2020-03-12T20:36:24.928Z", "user": 1, "content_type": 7, "object_id": "3", "object_repr": "Jarrow Campaign Group", "action_flag": 2, "change_message": "[{\"changed\": {\"fields\": [\"home_number\", \"mobile_number\"]}}]"}}, {"model": "admin.logentry", "pk": 22, "fields": {"action_time": "2020-03-19T12:28:20.545Z", "user": 1, "content_type": 4, "object_id": "1", "object_repr": "kevald1963", "action_flag": 2, "change_message": "[{\"changed\": {\"fields\": [\"first_name\", \"last_name\"]}}]"}}, {"model": "admin.logentry", "pk": 23, "fields": {"action_time": "2020-03-19T12:30:44.217Z", "user": 1, "content_type": 4, "object_id": "2", "object_repr": "Elaine78", "action_flag": 1, "change_message": "[{\"added\": {}}]"}}, {"model": "admin.logentry", "pk": 24, "fields": {"action_time": "2020-03-19T12:31:58.780Z", "user": 1, "content_type": 4, "object_id": "2", "object_repr": "Elaine78", "action_flag": 2, "change_message": "[{\"changed\": {\"fields\": [\"first_name\", \"last_name\", \"email\", \"is_staff\", \"is_superuser\"]}}]"}}, {"model": "admin.logentry", "pk": 25, "fields": {"action_time": "2020-03-19T14:20:53.110Z", "user": 1, "content_type": 4, "object_id": "2", "object_repr": "Elaine78", "action_flag": 2, "change_message": "[{\"changed\": {\"fields\": [\"date_joined\"]}}]"}}, {"model": "admin.logentry", "pk": 26, "fields": {"action_time": "2020-03-19T14:57:07.815Z", "user": 1, "content_type": 4, "object_id": "1", "object_repr": "kevald1963", "action_flag": 2, "change_message": "[]"}}, {"model": "admin.logentry", "pk": 27, "fields": {"action_time": "2020-03-19T14:58:09.330Z", "user": 1, "content_type": 4, "object_id": "1", "object_repr": "kevald1963", "action_flag": 2, "change_message": "[{\"changed\": {\"fields\": [\"user_permissions\"]}}]"}}, {"model": "admin.logentry", "pk": 28, "fields": {"action_time": "2020-03-19T14:59:20.608Z", "user": 1, "content_type": 4, "object_id": "1", "object_repr": "kevald1963", "action_flag": 2, "change_message": "[]"}}, {"model": "admin.logentry", "pk": 29, "fields": {"action_time": "2020-03-19T15:03:27.248Z", "user": 1, "content_type": 4, "object_id": "2", "object_repr": "Elaine78", "action_flag": 2, "change_message": "[]"}}, {"model": "admin.logentry", "pk": 30, "fields": {"action_time": "2020-03-19T15:05:44.108Z", "user": 1, "content_type": 4, "object_id": "3", "object_repr": "lesliehan", "action_flag": 1, "change_message": "[{\"added\": {}}]"}}, {"model": "admin.logentry", "pk": 31, "fields": {"action_time": "2020-03-19T15:07:13.842Z", "user": 1, "content_type": 4, "object_id": "3", "object_repr": "lesliehan", "action_flag": 2, "change_message": "[{\"changed\": {\"fields\": [\"first_name\", \"last_name\", \"email\"]}}]"}}, {"model": "admin.logentry", "pk": 32, "fields": {"action_time": "2020-03-19T15:07:50.764Z", "user": 1, "content_type": 4, "object_id": "3", "object_repr": "lesliehan", "action_flag": 2, "change_message": "[{\"changed\": {\"fields\": [\"is_staff\"]}}]"}}, {"model": "admin.logentry", "pk": 33, "fields": {"action_time": "2020-03-19T15:08:08.217Z", "user": 1, "content_type": 4, "object_id": "3", "object_repr": "lesliehan", "action_flag": 2, "change_message": "[]"}}, {"model": "admin.logentry", "pk": 34, "fields": {"action_time": "2020-03-19T16:15:48.088Z", "user": 2, "content_type": 10, "object_id": "1", "object_repr": "B & B, Round 1", "action_flag": 1, "change_message": "[{\"added\": {}}]"}}, {"model": "admin.logentry", "pk": 35, "fields": {"action_time": "2020-03-19T16:21:53.621Z", "user": 2, "content_type": 11, "object_id": "1", "object_repr": "Belgrave Terrace", "action_flag": 1, "change_message": "[{\"added\": {}}]"}}, {"model": "admin.logentry", "pk": 36, "fields": {"action_time": "2020-03-19T16:40:22.189Z", "user": 2, "content_type": 11, "object_id": "2", "object_repr": "Broughton Road", "action_flag": 1, "change_message": "[{\"added\": {}}]"}}, {"model": "admin.logentry", "pk": 37, "fields": {"action_time": "2020-03-19T16:40:36.439Z", "user": 2, "content_type": 11, "object_id": "1", "object_repr": "Belgrave Terrace", "action_flag": 2, "change_message": "[{\"changed\": {\"fields\": [\"post_code\"]}}]"}}, {"model": "admin.logentry", "pk": 38, "fields": {"action_time": "2020-03-19T16:47:27.382Z", "user": 2, "content_type": 11, "object_id": "1", "object_repr": "Belgrave Terrace", "action_flag": 2, "change_message": "[{\"changed\": {\"fields\": [\"comments\"]}}]"}}, {"model": "admin.logentry", "pk": 39, "fields": {"action_time": "2020-03-20T19:11:07.793Z", "user": 2, "content_type": 10, "object_id": "1", "object_repr": "Beacon & Bents, Round 1", "action_flag": 2, "change_message": "[{\"changed\": {\"fields\": [\"name\"]}}]"}}, {"model": "admin.logentry", "pk": 40, "fields": {"action_time": "2020-03-23T15:58:44.804Z", "user": 1, "content_type": 11, "object_id": "1", "object_repr": "Belgrave Terrace", "action_flag": 2, "change_message": "[{\"changed\": {\"fields\": [\"round\"]}}]"}}, {"model": "admin.logentry", "pk": 41, "fields": {"action_time": "2020-03-23T15:59:25.893Z", "user": 1, "content_type": 11, "object_id": "1", "object_repr": "Belgrave Terrace", "action_flag": 2, "change_message": "[{\"changed\": {\"fields\": [\"round\"]}}]"}}, {"model": "admin.logentry", "pk": 42, "fields": {"action_time": "2020-03-23T16:08:28.107Z", "user": 1, "content_type": 10, "object_id": "4", "object_repr": "Beacon & Bents, Round 4", "action_flag": 1, "change_message": "[{\"added\": {}}]"}}, {"model": "admin.logentry", "pk": 43, "fields": {"action_time": "2020-03-23T16:11:39.263Z", "user": 1, "content_type": 11, "object_id": "4", "object_repr": "Flagg Court", "action_flag": 1, "change_message": "[{\"added\": {}}]"}}, {"model": "admin.logentry", "pk": 44, "fields": {"action_time": "2020-04-02T13:18:02.387Z", "user": 1, "content_type": 12, "object_id": "195", "object_repr": "Address object", "action_flag": 3, "change_message": ""}}, {"model": "admin.logentry", "pk": 45, "fields": {"action_time": "2020-04-02T13:18:51.090Z", "user": 1, "content_type": 12, "object_id": "194", "object_repr": "Address object", "action_flag": 3, "change_message": ""}}, {"model": "admin.logentry", "pk": 46, "fields": {"action_time": "2020-04-02T13:18:51.168Z", "user": 1, "content_type": 12, "object_id": "193", "object_repr": "Address object", "action_flag": 3, "change_message": ""}}, {"model": "admin.logentry", "pk": 47, "fields": {"action_time": "2020-04-02T13:18:51.277Z", "user": 1, "content_type": 12, "object_id": "192", "object_repr": "Address object", "action_flag": 3, "change_message": ""}}, {"model": "admin.logentry", "pk": 48, "fields": {"action_time": "2020-04-02T13:18:51.340Z", "user": 1, "content_type": 12, "object_id": "191", "object_repr": "Address object", "action_flag": 3, "change_message": ""}}, {"model": "admin.logentry", "pk": 49, "fields": {"action_time": "2020-04-02T13:25:56.434Z", "user": 1, "content_type": 12, "object_id": "189", "object_repr": "6 Belgrave Terrace", "action_flag": 3, "change_message": ""}}, {"model": "admin.logentry", "pk": 50, "fields": {"action_time": "2020-04-02T13:37:01.074Z", "user": 1, "content_type": 12, "object_id": "184", "object_repr": "1 Belgrave Terrace", "action_flag": 3, "change_message": ""}}, {"model": "admin.logentry", "pk": 51, "fields": {"action_time": "2020-04-02T13:37:01.199Z", "user": 1, "content_type": 12, "object_id": "31", "object_repr": "1 Belgrave Terrace", "action_flag": 3, "change_message": ""}}, {"model": "admin.logentry", "pk": 52, "fields": {"action_time": "2020-04-02T13:37:01.277Z", "user": 1, "content_type": 12, "object_id": "25", "object_repr": "1 Belgrave Terrace", "action_flag": 3, "change_message": ""}}, {"model": "admin.logentry", "pk": 53, "fields": {"action_time": "2020-04-02T13:37:01.340Z", "user": 1, "content_type": 12, "object_id": "19", "object_repr": "1 Belgrave Terrace", "action_flag": 3, "change_message": ""}}, {"model": "admin.logentry", "pk": 54, "fields": {"action_time": "2020-04-02T13:37:01.418Z", "user": 1, "content_type": 12, "object_id": "13", "object_repr": "1 Belgrave Terrace", "action_flag": 3, "change_message": ""}}, {"model": "admin.logentry", "pk": 55, "fields": {"action_time": "2020-04-02T13:37:01.480Z", "user": 1, "content_type": 12, "object_id": "7", "object_repr": "1 Belgrave Terrace", "action_flag": 3, "change_message": ""}}, {"model": "admin.logentry", "pk": 56, "fields": {"action_time": "2020-04-02T13:37:01.559Z", "user": 1, "content_type": 12, "object_id": "1", "object_repr": "1 Belgrave Terrace", "action_flag": 3, "change_message": ""}}, {"model": "admin.logentry", "pk": 57, "fields": {"action_time": "2020-04-02T13:37:32.012Z", "user": 1, "content_type": 12, "object_id": "32", "object_repr": "2 Belgrave Terrace", "action_flag": 3, "change_message": ""}}, {"model": "admin.logentry", "pk": 58, "fields": {"action_time": "2020-04-02T13:37:32.137Z", "user": 1, "content_type": 12, "object_id": "26", "object_repr": "2 Belgrave Terrace", "action_flag": 3, "change_message": ""}}, {"model": "admin.logentry", "pk": 59, "fields": {"action_time": "2020-04-02T13:37:32.199Z", "user": 1, "content_type": 12, "object_id": "20", "object_repr": "2 Belgrave Terrace", "action_flag": 3, "change_message": ""}}, {"model": "admin.logentry", "pk": 60, "fields": {"action_time": "2020-04-02T13:37:32.277Z", "user": 1, "content_type": 12, "object_id": "14", "object_repr": "2 Belgrave Terrace", "action_flag": 3, "change_message": ""}}, {"model": "admin.logentry", "pk": 61, "fields": {"action_time": "2020-04-02T13:37:32.371Z", "user": 1, "content_type": 12, "object_id": "8", "object_repr": "2 Belgrave Terrace", "action_flag": 3, "change_message": ""}}, {"model": "admin.logentry", "pk": 62, "fields": {"action_time": "2020-04-02T13:37:32.465Z", "user": 1, "content_type": 12, "object_id": "2", "object_repr": "2 Belgrave Terrace", "action_flag": 3, "change_message": ""}}, {"model": "admin.logentry", "pk": 63, "fields": {"action_time": "2020-04-02T13:37:32.543Z", "user": 1, "content_type": 12, "object_id": "33", "object_repr": "3 Belgrave Terrace", "action_flag": 3, "change_message": ""}}, {"model": "admin.logentry", "pk": 64, "fields": {"action_time": "2020-04-02T13:37:32.637Z", "user": 1, "content_type": 12, "object_id": "27", "object_repr": "3 Belgrave Terrace", "action_flag": 3, "change_message": ""}}, {"model": "admin.logentry", "pk": 65, "fields": {"action_time": "2020-04-02T13:37:32.699Z", "user": 1, "content_type": 12, "object_id": "21", "object_repr": "3 Belgrave Terrace", "action_flag": 3, "change_message": ""}}, {"model": "admin.logentry", "pk": 66, "fields": {"action_time": "2020-04-02T13:37:32.777Z", "user": 1, "content_type": 12, "object_id": "15", "object_repr": "3 Belgrave Terrace", "action_flag": 3, "change_message": ""}}, {"model": "admin.logentry", "pk": 67, "fields": {"action_time": "2020-04-02T13:37:32.871Z", "user": 1, "content_type": 12, "object_id": "9", "object_repr": "3 Belgrave Terrace", "action_flag": 3, "change_message": ""}}, {"model": "admin.logentry", "pk": 68, "fields": {"action_time": "2020-04-02T13:37:32.965Z", "user": 1, "content_type": 12, "object_id": "3", "object_repr": "3 Belgrave Terrace", "action_flag": 3, "change_message": ""}}, {"model": "admin.logentry", "pk": 69, "fields": {"action_time": "2020-04-02T13:37:33.059Z", "user": 1, "content_type": 12, "object_id": "34", "object_repr": "4 Belgrave Terrace", "action_flag": 3, "change_message": ""}}, {"model": "admin.logentry", "pk": 70, "fields": {"action_time": "2020-04-02T13:37:33.152Z", "user": 1, "content_type": 12, "object_id": "28", "object_repr": "4 Belgrave Terrace", "action_flag": 3, "change_message": ""}}, {"model": "admin.logentry", "pk": 71, "fields": {"action_time": "2020-04-02T13:37:33.246Z", "user": 1, "content_type": 12, "object_id": "22", "object_repr": "4 Belgrave Terrace", "action_flag": 3, "change_message": ""}}, {"model": "admin.logentry", "pk": 72, "fields": {"action_time": "2020-04-02T13:37:33.340Z", "user": 1, "content_type": 12, "object_id": "16", "object_repr": "4 Belgrave Terrace", "action_flag": 3, "change_message": ""}}, {"model": "admin.logentry", "pk": 73, "fields": {"action_time": "2020-04-02T13:37:33.418Z", "user": 1, "content_type": 12, "object_id": "10", "object_repr": "4 Belgrave Terrace", "action_flag": 3, "change_message": ""}}, {"model": "admin.logentry", "pk": 74, "fields": {"action_time": "2020-04-02T13:37:51.402Z", "user": 1, "content_type": 12, "object_id": "4", "object_repr": "4 Belgrave Terrace", "action_flag": 3, "change_message": ""}}, {"model": "admin.logentry", "pk": 75, "fields": {"action_time": "2020-04-02T13:37:51.527Z", "user": 1, "content_type": 12, "object_id": "188", "object_repr": "5 Belgrave Terrace", "action_flag": 3, "change_message": ""}}, {"model": "admin.logentry", "pk": 76, "fields": {"action_time": "2020-04-02T13:37:51.605Z", "user": 1, "content_type": 12, "object_id": "35", "object_repr": "5 Belgrave Terrace", "action_flag": 3, "change_message": ""}}, {"model": "admin.logentry", "pk": 77, "fields": {"action_time": "2020-04-02T13:37:51.699Z", "user": 1, "content_type": 12, "object_id": "29", "object_repr": "5 Belgrave Terrace", "action_flag": 3, "change_message": ""}}, {"model": "admin.logentry", "pk": 78, "fields": {"action_time": "2020-04-02T13:37:51.777Z", "user": 1, "content_type": 12, "object_id": "23", "object_repr": "5 Belgrave Terrace", "action_flag": 3, "change_message": ""}}, {"model": "admin.logentry", "pk": 79, "fields": {"action_time": "2020-04-02T13:37:51.855Z", "user": 1, "content_type": 12, "object_id": "17", "object_repr": "5 Belgrave Terrace", "action_flag": 3, "change_message": ""}}, {"model": "admin.logentry", "pk": 80, "fields": {"action_time": "2020-04-02T13:37:51.949Z", "user": 1, "content_type": 12, "object_id": "11", "object_repr": "5 Belgrave Terrace", "action_flag": 3, "change_message": ""}}, {"model": "admin.logentry", "pk": 81, "fields": {"action_time": "2020-04-02T13:38:14.152Z", "user": 1, "content_type": 12, "object_id": "36", "object_repr": "6 Belgrave Terrace", "action_flag": 3, "change_message": ""}}, {"model": "admin.logentry", "pk": 82, "fields": {"action_time": "2020-04-02T13:38:14.262Z", "user": 1, "content_type": 12, "object_id": "30", "object_repr": "6 Belgrave Terrace", "action_flag": 3, "change_message": ""}}, {"model": "admin.logentry", "pk": 83, "fields": {"action_time": "2020-04-02T13:38:14.371Z", "user": 1, "content_type": 12, "object_id": "24", "object_repr": "6 Belgrave Terrace", "action_flag": 3, "change_message": ""}}, {"model": "admin.logentry", "pk": 84, "fields": {"action_time": "2020-04-02T13:38:14.449Z", "user": 1, "content_type": 12, "object_id": "18", "object_repr": "6 Belgrave Terrace", "action_flag": 3, "change_message": ""}}, {"model": "admin.logentry", "pk": 85, "fields": {"action_time": "2020-04-02T13:38:14.512Z", "user": 1, "content_type": 12, "object_id": "12", "object_repr": "6 Belgrave Terrace", "action_flag": 3, "change_message": ""}}, {"model": "admin.logentry", "pk": 86, "fields": {"action_time": "2020-04-02T13:40:36.215Z", "user": 1, "content_type": 12, "object_id": "169", "object_repr": "1 Marine Approach", "action_flag": 3, "change_message": ""}}, {"model": "admin.logentry", "pk": 87, "fields": {"action_time": "2020-04-02T13:40:36.387Z", "user": 1, "content_type": 12, "object_id": "165", "object_repr": "1 Marine Approach", "action_flag": 3, "change_message": ""}}, {"model": "admin.logentry", "pk": 88, "fields": {"action_time": "2020-04-02T13:40:36.465Z", "user": 1, "content_type": 12, "object_id": "170", "object_repr": "2 Marine Approach", "action_flag": 3, "change_message": ""}}, {"model": "admin.logentry", "pk": 89, "fields": {"action_time": "2020-04-02T13:40:36.527Z", "user": 1, "content_type": 12, "object_id": "166", "object_repr": "2 Marine Approach", "action_flag": 3, "change_message": ""}}, {"model": "admin.logentry", "pk": 90, "fields": {"action_time": "2020-04-02T13:40:36.605Z", "user": 1, "content_type": 12, "object_id": "171", "object_repr": "3 Marine Approach", "action_flag": 3, "change_message": ""}}, {"model": "admin.logentry", "pk": 91, "fields": {"action_time": "2020-04-02T13:40:36.668Z", "user": 1, "content_type": 12, "object_id": "167", "object_repr": "3 Marine Approach", "action_flag": 3, "change_message": ""}}, {"model": "admin.logentry", "pk": 92, "fields": {"action_time": "2020-04-02T13:40:36.762Z", "user": 1, "content_type": 12, "object_id": "172", "object_repr": "4 Marine Approach", "action_flag": 3, "change_message": ""}}, {"model": "admin.logentry", "pk": 93, "fields": {"action_time": "2020-04-02T13:40:36.840Z", "user": 1, "content_type": 12, "object_id": "168", "object_repr": "4 Marine Approach", "action_flag": 3, "change_message": ""}}, {"model": "admin.logentry", "pk": 94, "fields": {"action_time": "2020-04-02T13:40:36.887Z", "user": 1, "content_type": 12, "object_id": "173", "object_repr": "5 Marine Approach", "action_flag": 3, "change_message": ""}}, {"model": "admin.logentry", "pk": 95, "fields": {"action_time": "2020-04-02T19:47:22.891Z", "user": 1, "content_type": 12, "object_id": "217", "object_repr": "1 Belgrave Terrace", "action_flag": 2, "change_message": "[{\"changed\": {\"fields\": [\"comments\"]}}]"}}, {"model": "admin.logentry", "pk": 96, "fields": {"action_time": "2020-04-02T19:49:55.594Z", "user": 1, "content_type": 12, "object_id": "222", "object_repr": "6 Belgrave Terrace", "action_flag": 2, "change_message": "[{\"changed\": {\"fields\": [\"comments\"]}}]"}}, {"model": "admin.logentry", "pk": 97, "fields": {"action_time": "2020-04-02T19:51:21.266Z", "user": 1, "content_type": 12, "object_id": "217", "object_repr": "1 Belgrave Terrace", "action_flag": 2, "change_message": "[]"}}, {"model": "admin.logentry", "pk": 98, "fields": {"action_time": "2020-04-02T19:51:41.547Z", "user": 1, "content_type": 12, "object_id": "222", "object_repr": "6 Belgrave Terrace", "action_flag": 2, "change_message": "[]"}}, {"model": "admin.logentry", "pk": 99, "fields": {"action_time": "2020-04-02T20:04:53.836Z", "user": 1, "content_type": 12, "object_id": "222", "object_repr": "6 Belgrave Terrace", "action_flag": 2, "change_message": "[]"}}, {"model": "admin.logentry", "pk": 100, "fields": {"action_time": "2020-04-02T20:04:56.929Z", "user": 1, "content_type": 12, "object_id": "222", "object_repr": "6 Belgrave Terrace", "action_flag": 2, "change_message": "[]"}}, {"model": "admin.logentry", "pk": 101, "fields": {"action_time": "2020-04-02T20:06:02.726Z", "user": 1, "content_type": 12, "object_id": "220", "object_repr": "4 Belgrave Terrace", "action_flag": 2, "change_message": "[{\"changed\": {\"fields\": [\"comments\"]}}]"}}, {"model": "admin.logentry", "pk": 102, "fields": {"action_time": "2020-04-02T20:44:58.348Z", "user": 1, "content_type": 12, "object_id": "217", "object_repr": "1 Belgrave Terrace", "action_flag": 2, "change_message": "[{\"changed\": {\"fields\": [\"comments\"]}}]"}}, {"model": "admin.logentry", "pk": 103, "fields": {"action_time": "2020-04-06T15:22:36.984Z", "user": 1, "content_type": 4, "object_id": "4", "object_repr": "pebro", "action_flag": 2, "change_message": "[{\"changed\": {\"fields\": [\"first_name\", \"last_name\", \"is_staff\"]}}]"}}, {"model": "admin.logentry", "pk": 104, "fields": {"action_time": "2020-04-07T20:31:33.714Z", "user": 1, "content_type": 13, "object_id": "1", "object_repr": "1 3-person starter pack", "action_flag": 1, "change_message": "[{\"added\": {}}]"}}, {"model": "admin.logentry", "pk": 105, "fields": {"action_time": "2020-04-07T20:34:52.417Z", "user": 1, "content_type": 13, "object_id": "2", "object_repr": "2 12 user pack", "action_flag": 1, "change_message": "[{\"added\": {}}]"}}, {"model": "admin.logentry", "pk": 106, "fields": {"action_time": "2020-04-07T20:40:38.118Z", "user": 1, "content_type": 13, "object_id": "1", "object_repr": "Product number: #1, Description: 3-person starter pack", "action_flag": 2, "change_message": "[{\"changed\": {\"fields\": [\"description\"]}}]"}}, {"model": "admin.logentry", "pk": 107, "fields": {"action_time": "2020-04-07T20:40:57.712Z", "user": 1, "content_type": 13, "object_id": "1", "object_repr": "Product number: #1, Description: 3-person starter pack", "action_flag": 2, "change_message": "[]"}}, {"model": "admin.logentry", "pk": 108, "fields": {"action_time": "2020-04-07T20:41:40.134Z", "user": 1, "content_type": 13, "object_id": "2", "object_repr": "Product number: #2, Description: 12 user pack, 6-month subscription", "action_flag": 2, "change_message": "[{\"changed\": {\"fields\": [\"name\", \"price\"]}}]"}}, {"model": "admin.logentry", "pk": 109, "fields": {"action_time": "2020-04-07T20:44:00.176Z", "user": 1, "content_type": 13, "object_id": "3", "object_repr": "Product number: #3, Description: 12 user pack, 12-month subscription", "action_flag": 1, "change_message": "[{\"added\": {}}]"}}, {"model": "admin.logentry", "pk": 110, "fields": {"action_time": "2020-04-07T20:45:07.988Z", "user": 1, "content_type": 13, "object_id": "1", "object_repr": "Product number: #1, Description: 3 user starter pack", "action_flag": 2, "change_message": "[{\"changed\": {\"fields\": [\"name\", \"description\"]}}]"}}, {"model": "admin.logentry", "pk": 111, "fields": {"action_time": "2020-04-07T20:45:38.507Z", "user": 1, "content_type": 13, "object_id": "2", "object_repr": "Product number: #2, Description: 12 user pack, 6-month subscription", "action_flag": 2, "change_message": "[{\"changed\": {\"fields\": [\"description\"]}}]"}}, {"model": "admin.logentry", "pk": 112, "fields": {"action_time": "2020-04-07T20:56:58.342Z", "user": 1, "content_type": 13, "object_id": "1", "object_repr": "Product number: #1, Description: 3 user starter pack", "action_flag": 2, "change_message": "[{\"changed\": {\"fields\": [\"description\"]}}]"}}, {"model": "admin.logentry", "pk": 113, "fields": {"action_time": "2020-04-07T20:58:44.639Z", "user": 1, "content_type": 13, "object_id": "3", "object_repr": "Product number: #3, Description: 12 user pack, 12-month subscription", "action_flag": 2, "change_message": "[]"}}, {"model": "admin.logentry", "pk": 114, "fields": {"action_time": "2020-04-08T15:21:50.925Z", "user": 1, "content_type": 13, "object_id": "1", "object_repr": "Product number: #1, Description: 3 user starter pack", "action_flag": 2, "change_message": "[]"}}, {"model": "admin.logentry", "pk": 115, "fields": {"action_time": "2020-04-08T15:23:41.503Z", "user": 1, "content_type": 13, "object_id": "1", "object_repr": "Product number: #1, Description: 3 user starter pack", "action_flag": 2, "change_message": "[{\"changed\": {\"fields\": [\"image_path\"]}}]"}}, {"model": "admin.logentry", "pk": 116, "fields": {"action_time": "2020-04-08T15:27:26.565Z", "user": 1, "content_type": 13, "object_id": "1", "object_repr": "Product number: #1, Description: 3 user starter pack", "action_flag": 2, "change_message": "[]"}}, {"model": "admin.logentry", "pk": 117, "fields": {"action_time": "2020-04-08T15:32:14.315Z", "user": 1, "content_type": 13, "object_id": "1", "object_repr": "Product number: #1, Description: 3 user starter pack", "action_flag": 2, "change_message": "[{\"changed\": {\"fields\": [\"description\"]}}]"}}, {"model": "admin.logentry", "pk": 118, "fields": {"action_time": "2020-04-08T15:38:43.756Z", "user": 1, "content_type": 13, "object_id": "2", "object_repr": "Product number: #2, Description: 12 user pack, 6-month subscription", "action_flag": 2, "change_message": "[{\"changed\": {\"fields\": [\"image_path\"]}}]"}}, {"model": "admin.logentry", "pk": 119, "fields": {"action_time": "2020-04-08T15:44:31.285Z", "user": 1, "content_type": 13, "object_id": "1", "object_repr": "Product number: #1, Description: 3 user starter pack", "action_flag": 2, "change_message": "[{\"changed\": {\"fields\": [\"image_caption\"]}}]"}}, {"model": "admin.logentry", "pk": 120, "fields": {"action_time": "2020-04-08T15:44:49.707Z", "user": 1, "content_type": 13, "object_id": "2", "object_repr": "Product number: #2, Description: 12 user pack, 6-month subscription", "action_flag": 2, "change_message": "[{\"changed\": {\"fields\": [\"image_caption\"]}}]"}}, {"model": "admin.logentry", "pk": 121, "fields": {"action_time": "2020-04-08T15:51:35.133Z", "user": 1, "content_type": 13, "object_id": "2", "object_repr": "Product number: #2, Description: 12 user pack, 6-month subscription", "action_flag": 2, "change_message": "[{\"changed\": {\"fields\": [\"image_path\"]}}]"}}, {"model": "admin.logentry", "pk": 122, "fields": {"action_time": "2020-04-08T15:51:53.633Z", "user": 1, "content_type": 13, "object_id": "2", "object_repr": "Product number: #2, Description: 12 user pack, 6-month subscription", "action_flag": 2, "change_message": "[]"}}, {"model": "admin.logentry", "pk": 123, "fields": {"action_time": "2020-04-08T16:04:05.003Z", "user": 1, "content_type": 13, "object_id": "3", "object_repr": "Product number: #3, Description: 12 user pack, 12-month subscription", "action_flag": 2, "change_message": "[{\"changed\": {\"fields\": [\"image_path\"]}}]"}}, {"model": "admin.logentry", "pk": 124, "fields": {"action_time": "2020-04-08T16:04:24.768Z", "user": 1, "content_type": 13, "object_id": "2", "object_repr": "Product number: #2, Description: 12 user pack, 6-month subscription", "action_flag": 2, "change_message": "[]"}}, {"model": "admin.logentry", "pk": 125, "fields": {"action_time": "2020-04-08T16:04:38.550Z", "user": 1, "content_type": 13, "object_id": "3", "object_repr": "Product number: #3, Description: 12 user pack, 12-month subscription", "action_flag": 2, "change_message": "[{\"changed\": {\"fields\": [\"image_caption\"]}}]"}}, {"model": "admin.logentry", "pk": 126, "fields": {"action_time": "2020-04-08T16:06:16.093Z", "user": 1, "content_type": 13, "object_id": "3", "object_repr": "Product number: #3, Description: 12-user pack, 12-month subscription", "action_flag": 2, "change_message": "[{\"changed\": {\"fields\": [\"name\", \"image_path\"]}}]"}}, {"model": "admin.logentry", "pk": 127, "fields": {"action_time": "2020-04-08T16:06:37.905Z", "user": 1, "content_type": 13, "object_id": "2", "object_repr": "Product number: #2, Description: 12-user, 6-month subscription", "action_flag": 2, "change_message": "[{\"changed\": {\"fields\": [\"name\"]}}]"}}, {"model": "admin.logentry", "pk": 128, "fields": {"action_time": "2020-04-08T16:06:53.843Z", "user": 1, "content_type": 13, "object_id": "3", "object_repr": "Product number: #3, Description: 12-user, 12-month subscription", "action_flag": 2, "change_message": "[{\"changed\": {\"fields\": [\"name\"]}}]"}}, {"model": "admin.logentry", "pk": 129, "fields": {"action_time": "2020-04-08T16:08:39.030Z", "user": 1, "content_type": 13, "object_id": "1", "object_repr": "Product number: #1, Description: 3-user starter app", "action_flag": 2, "change_message": "[{\"changed\": {\"fields\": [\"name\"]}}]"}}, {"model": "admin.logentry", "pk": 130, "fields": {"action_time": "2020-04-08T16:12:05.048Z", "user": 1, "content_type": 13, "object_id": "2", "object_repr": "Product number: #2, Description: 12-user, 6-month subscription", "action_flag": 2, "change_message": "[{\"changed\": {\"fields\": [\"description\"]}}]"}}, {"model": "admin.logentry", "pk": 131, "fields": {"action_time": "2020-04-08T16:12:21.720Z", "user": 1, "content_type": 13, "object_id": "3", "object_repr": "Product number: #3, Description: 12-user, 12-month subscription", "action_flag": 2, "change_message": "[{\"changed\": {\"fields\": [\"description\"]}}]"}}, {"model": "admin.logentry", "pk": 132, "fields": {"action_time": "2020-04-08T16:13:45.657Z", "user": 1, "content_type": 13, "object_id": "1", "object_repr": "Product number: #1, Description: 3-user starter app", "action_flag": 2, "change_message": "[{\"changed\": {\"fields\": [\"description\"]}}]"}}, {"model": "admin.logentry", "pk": 133, "fields": {"action_time": "2020-04-08T20:19:32.239Z", "user": 1, "content_type": 13, "object_id": "1", "object_repr": "Product number: #1, Description: 3-user starter app", "action_flag": 2, "change_message": "[{\"changed\": {\"fields\": [\"description\"]}}]"}}, {"model": "admin.logentry", "pk": 134, "fields": {"action_time": "2020-04-08T20:25:02.046Z", "user": 1, "content_type": 13, "object_id": "1", "object_repr": "Product number: #1, Description: 3-user starter app", "action_flag": 2, "change_message": "[{\"changed\": {\"fields\": [\"description\"]}}]"}}, {"model": "admin.logentry", "pk": 135, "fields": {"action_time": "2020-04-10T14:22:25.799Z", "user": 1, "content_type": 13, "object_id": "2", "object_repr": "Product number: #2, Description: 12-user, 6-month subscription", "action_flag": 2, "change_message": "[{\"changed\": {\"fields\": [\"description\", \"image_path\"]}}]"}}, {"model": "admin.logentry", "pk": 136, "fields": {"action_time": "2020-04-10T19:25:03.990Z", "user": 1, "content_type": 13, "object_id": "1", "object_repr": "Product number: #1, Description: 3-user starter package, 12-months (renewable)", "action_flag": 2, "change_message": "[{\"changed\": {\"fields\": [\"name\", \"description\"]}}]"}}, {"model": "admin.logentry", "pk": 137, "fields": {"action_time": "2020-04-10T19:26:04.477Z", "user": 1, "content_type": 13, "object_id": "2", "object_repr": "Product number: #2, Description: 12-user, 6-month subscription", "action_flag": 2, "change_message": "[{\"changed\": {\"fields\": [\"description\"]}}]"}}, {"model": "admin.logentry", "pk": 138, "fields": {"action_time": "2020-04-10T19:26:59.676Z", "user": 1, "content_type": 13, "object_id": "3", "object_repr": "Product number: #3, Description: 12-user, 12-month subscription", "action_flag": 2, "change_message": "[{\"changed\": {\"fields\": [\"description\"]}}]"}}, {"model": "admin.logentry", "pk": 139, "fields": {"action_time": "2020-04-10T19:27:11.286Z", "user": 1, "content_type": 13, "object_id": "2", "object_repr": "Product number: #2, Description: 12-user, 6-month subscription", "action_flag": 2, "change_message": "[{\"changed\": {\"fields\": [\"description\"]}}]"}}, {"model": "admin.logentry", "pk": 140, "fields": {"action_time": "2020-04-10T19:46:37.907Z", "user": 1, "content_type": 13, "object_id": "1", "object_repr": "Product number: #1, Description: 3-user starter package, renewable", "action_flag": 2, "change_message": "[{\"changed\": {\"fields\": [\"name\", \"description\"]}}]"}}, {"model": "admin.logentry", "pk": 141, "fields": {"action_time": "2020-04-10T19:47:50.230Z", "user": 1, "content_type": 13, "object_id": "1", "object_repr": "Product number: #1, Description: 3-user starter package", "action_flag": 2, "change_message": "[{\"changed\": {\"fields\": [\"name\"]}}]"}}, {"model": "admin.logentry", "pk": 142, "fields": {"action_time": "2020-04-11T13:30:54.432Z", "user": 1, "content_type": 13, "object_id": "1", "object_repr": "Product number: #1, Description: 3-user starter package", "action_flag": 2, "change_message": "[{\"changed\": {\"fields\": [\"description\"]}}]"}}, {"model": "admin.logentry", "pk": 143, "fields": {"action_time": "2020-04-12T09:16:42.199Z", "user": 1, "content_type": 13, "object_id": "1", "object_repr": "Product number: #1, Description: 3-user starter package", "action_flag": 2, "change_message": "[{\"changed\": {\"fields\": [\"description\"]}}]"}}, {"model": "admin.logentry", "pk": 144, "fields": {"action_time": "2020-04-13T12:20:11.890Z", "user": 1, "content_type": 13, "object_id": "1", "object_repr": "Product number: #1, Description: 3-user starter package", "action_flag": 2, "change_message": "[{\"changed\": {\"fields\": [\"is_unique_product\"]}}]"}}, {"model": "admin.logentry", "pk": 145, "fields": {"action_time": "2020-04-13T12:20:23.171Z", "user": 1, "content_type": 13, "object_id": "2", "object_repr": "Product number: #2, Description: 12-user, 6-month subscription", "action_flag": 2, "change_message": "[{\"changed\": {\"fields\": [\"is_unique_product\"]}}]"}}, {"model": "admin.logentry", "pk": 146, "fields": {"action_time": "2020-04-13T12:20:39.905Z", "user": 1, "content_type": 13, "object_id": "3", "object_repr": "Product number: #3, Description: 12-user, 12-month subscription", "action_flag": 2, "change_message": "[{\"changed\": {\"fields\": [\"is_unique_product\"]}}]"}}, {"model": "admin.logentry", "pk": 147, "fields": {"action_time": "2020-04-13T12:31:01.999Z", "user": 1, "content_type": 13, "object_id": "4", "object_repr": "Product number: #4, Description: Address data load for United Kingdom", "action_flag": 1, "change_message": "[{\"added\": {}}]"}}, {"model": "admin.logentry", "pk": 148, "fields": {"action_time": "2020-04-13T15:39:57.443Z", "user": 1, "content_type": 13, "object_id": "4", "object_repr": "Product number: #4, Description: Address data load for United Kingdom", "action_flag": 2, "change_message": "[{\"changed\": {\"fields\": [\"image_path\"]}}]"}}, {"model": "admin.logentry", "pk": 149, "fields": {"action_time": "2020-04-13T16:03:17.010Z", "user": 1, "content_type": 13, "object_id": "4", "object_repr": "Product number: #4, Description: Address data load for United Kingdom", "action_flag": 2, "change_message": "[{\"changed\": {\"fields\": [\"image_path\"]}}]"}}, {"model": "admin.logentry", "pk": 150, "fields": {"action_time": "2020-04-13T16:07:58.876Z", "user": 1, "content_type": 13, "object_id": "4", "object_repr": "Product number: #4, Description: Address data load for United Kingdom", "action_flag": 2, "change_message": "[{\"changed\": {\"fields\": [\"image_path\"]}}]"}}, {"model": "admin.logentry", "pk": 151, "fields": {"action_time": "2020-04-13T18:08:37.216Z", "user": 1, "content_type": 13, "object_id": "4", "object_repr": "Product number: #5, Description: Address data load for United Kingdom", "action_flag": 2, "change_message": "[{\"changed\": {\"fields\": [\"number\", \"image_caption\"]}}]"}}, {"model": "admin.logentry", "pk": 152, "fields": {"action_time": "2020-04-13T18:21:28.309Z", "user": 1, "content_type": 13, "object_id": "5", "object_repr": "Product number: #4, Description: Address data load for 5 UK local authorities", "action_flag": 1, "change_message": "[{\"added\": {}}]"}}, {"model": "admin.logentry", "pk": 153, "fields": {"action_time": "2020-04-13T18:24:47.140Z", "user": 1, "content_type": 13, "object_id": "4", "object_repr": "Product number: #5, Description: Address data load for United Kingdom", "action_flag": 2, "change_message": "[]"}}, {"model": "admin.logentry", "pk": 154, "fields": {"action_time": "2020-04-13T18:25:57.249Z", "user": 1, "content_type": 13, "object_id": "4", "object_repr": "Product number: #5, Description: Address data load for United Kingdom", "action_flag": 2, "change_message": "[{\"changed\": {\"fields\": [\"image_caption\"]}}]"}}, {"model": "admin.logentry", "pk": 155, "fields": {"action_time": "2020-04-13T18:27:10.015Z", "user": 1, "content_type": 13, "object_id": "1", "object_repr": "Product number: #1, Description: 3-user, FREE subscription", "action_flag": 2, "change_message": "[{\"changed\": {\"fields\": [\"name\", \"image_caption\"]}}]"}}, {"model": "admin.logentry", "pk": 156, "fields": {"action_time": "2020-04-13T18:27:24.687Z", "user": 1, "content_type": 13, "object_id": "2", "object_repr": "Product number: #2, Description: 12-user, 6-month subscription", "action_flag": 2, "change_message": "[{\"changed\": {\"fields\": [\"image_caption\"]}}]"}}, {"model": "admin.logentry", "pk": 157, "fields": {"action_time": "2020-04-13T18:27:41.531Z", "user": 1, "content_type": 13, "object_id": "3", "object_repr": "Product number: #3, Description: 12-user, 12-month subscription", "action_flag": 2, "change_message": "[{\"changed\": {\"fields\": [\"image_caption\"]}}]"}}, {"model": "admin.logentry", "pk": 158, "fields": {"action_time": "2020-04-13T18:27:55.124Z", "user": 1, "content_type": 13, "object_id": "5", "object_repr": "Product number: #4, Description: Address data load for 5 UK local authorities", "action_flag": 2, "change_message": "[]"}}, {"model": "admin.logentry", "pk": 159, "fields": {"action_time": "2020-04-13T18:39:49.999Z", "user": 1, "content_type": 13, "object_id": "4", "object_repr": "Product number: #5, Description: Address data load for United Kingdom", "action_flag": 2, "change_message": "[]"}}, {"model": "admin.logentry", "pk": 160, "fields": {"action_time": "2020-04-13T18:41:03.140Z", "user": 1, "content_type": 13, "object_id": "5", "object_repr": "Product number: #4, Description: Address data load for 5 UK local authorities", "action_flag": 2, "change_message": "[{\"changed\": {\"fields\": [\"image_path\", \"image_caption\"]}}]"}}, {"model": "admin.logentry", "pk": 161, "fields": {"action_time": "2020-04-13T18:45:11.116Z", "user": 1, "content_type": 13, "object_id": "5", "object_repr": "Product number: #4, Description: Address data load for 5 UK local authorities", "action_flag": 2, "change_message": "[{\"changed\": {\"fields\": [\"image_path\"]}}]"}}, {"model": "admin.logentry", "pk": 162, "fields": {"action_time": "2020-04-13T18:46:37.584Z", "user": 1, "content_type": 13, "object_id": "5", "object_repr": "Product number: #4, Description: Address data load for 5 UK local authorities", "action_flag": 2, "change_message": "[]"}}, {"model": "admin.logentry", "pk": 163, "fields": {"action_time": "2020-04-13T18:55:30.408Z", "user": 1, "content_type": 13, "object_id": "5", "object_repr": "Product number: #4, Description: Address data load for 5 UK local authorities", "action_flag": 2, "change_message": "[{\"changed\": {\"fields\": [\"image_path\"]}}]"}}, {"model": "admin.logentry", "pk": 164, "fields": {"action_time": "2020-04-13T18:57:42.493Z", "user": 1, "content_type": 13, "object_id": "5", "object_repr": "Product number: #4, Description: Address data load for 5 UK local authorities", "action_flag": 2, "change_message": "[{\"changed\": {\"fields\": [\"description\", \"image_caption\"]}}]"}}, {"model": "admin.logentry", "pk": 165, "fields": {"action_time": "2020-04-13T18:58:06.649Z", "user": 1, "content_type": 13, "object_id": "4", "object_repr": "Product number: #5, Description: Address data load for United Kingdom", "action_flag": 2, "change_message": "[{\"changed\": {\"fields\": [\"description\"]}}]"}}, {"model": "admin.logentry", "pk": 166, "fields": {"action_time": "2020-04-13T18:59:37.571Z", "user": 1, "content_type": 13, "object_id": "4", "object_repr": "Product number: #5, Description: Address data load for United Kingdom", "action_flag": 2, "change_message": "[]"}}, {"model": "admin.logentry", "pk": 167, "fields": {"action_time": "2020-04-13T19:06:45.376Z", "user": 1, "content_type": 13, "object_id": "6", "object_repr": "Product number: #6, Description: Address data load for 5 UK local authorities", "action_flag": 1, "change_message": "[{\"added\": {}}]"}}, {"model": "admin.logentry", "pk": 168, "fields": {"action_time": "2020-04-13T19:06:51.548Z", "user": 1, "content_type": 13, "object_id": "5", "object_repr": "Product number: #4, Description: Address data load for 5 UK local authorities", "action_flag": 2, "change_message": "[{\"changed\": {\"fields\": [\"description\", \"image_caption\"]}}]"}}, {"model": "admin.logentry", "pk": 169, "fields": {"action_time": "2020-04-13T19:09:46.888Z", "user": 1, "content_type": 13, "object_id": "6", "object_repr": "Product number: #5, Description: Address data load for 20 UK local authorities", "action_flag": 2, "change_message": "[{\"changed\": {\"fields\": [\"number\", \"name\"]}}]"}}, {"model": "admin.logentry", "pk": 170, "fields": {"action_time": "2020-04-13T19:10:14.623Z", "user": 1, "content_type": 13, "object_id": "6", "object_repr": "Product number: #6, Description: Address data load for 20 UK local authorities", "action_flag": 2, "change_message": "[{\"changed\": {\"fields\": [\"number\"]}}]"}}, {"model": "admin.logentry", "pk": 171, "fields": {"action_time": "2020-04-13T19:12:31.623Z", "user": 1, "content_type": 13, "object_id": "4", "object_repr": "Product number: #6, Description: Address data load for United Kingdom", "action_flag": 2, "change_message": "[{\"changed\": {\"fields\": [\"number\"]}}]"}}, {"model": "admin.logentry", "pk": 172, "fields": {"action_time": "2020-04-13T19:12:43.107Z", "user": 1, "content_type": 13, "object_id": "4", "object_repr": "Product number: #5, Description: Address data load for United Kingdom", "action_flag": 2, "change_message": "[{\"changed\": {\"fields\": [\"number\"]}}]"}}, {"model": "admin.logentry", "pk": 173, "fields": {"action_time": "2020-04-13T19:13:20.607Z", "user": 1, "content_type": 13, "object_id": "4", "object_repr": "Product number: #6, Description: Address data load for United Kingdom", "action_flag": 2, "change_message": "[{\"changed\": {\"fields\": [\"number\"]}}]"}}, {"model": "admin.logentry", "pk": 174, "fields": {"action_time": "2020-04-13T19:13:37.180Z", "user": 1, "content_type": 13, "object_id": "6", "object_repr": "Product number: #5, Description: Address data load for 20 UK local authorities", "action_flag": 2, "change_message": "[{\"changed\": {\"fields\": [\"number\"]}}]"}}, {"model": "admin.logentry", "pk": 175, "fields": {"action_time": "2020-04-13T19:17:46.180Z", "user": 1, "content_type": 13, "object_id": "1", "object_repr": "Product number: #1, Description: 3-user, free subscription", "action_flag": 2, "change_message": "[{\"changed\": {\"fields\": [\"name\"]}}]"}}, {"model": "admin.logentry", "pk": 176, "fields": {"action_time": "2020-04-13T19:18:43.430Z", "user": 1, "content_type": 13, "object_id": "5", "object_repr": "Product number: #4, Description: Address data load for 5 UK local authorities", "action_flag": 2, "change_message": "[]"}}, {"model": "admin.logentry", "pk": 177, "fields": {"action_time": "2020-04-14T11:37:59.898Z", "user": 1, "content_type": 13, "object_id": "1", "object_repr": "Product number: #1, Description: 3-user, free subscription", "action_flag": 2, "change_message": "[{\"changed\": {\"fields\": [\"is_subscription_product\"]}}]"}}, {"model": "admin.logentry", "pk": 178, "fields": {"action_time": "2020-04-14T11:38:22.976Z", "user": 1, "content_type": 13, "object_id": "2", "object_repr": "Product number: #2, Description: 12-user, 6-month subscription", "action_flag": 2, "change_message": "[{\"changed\": {\"fields\": [\"is_subscription_product\"]}}]"}}, {"model": "admin.logentry", "pk": 179, "fields": {"action_time": "2020-04-14T11:38:36.117Z", "user": 1, "content_type": 13, "object_id": "3", "object_repr": "Product number: #3, Description: 12-user, 12-month subscription", "action_flag": 2, "change_message": "[{\"changed\": {\"fields\": [\"is_subscription_product\"]}}]"}}, {"model": "admin.logentry", "pk": 180, "fields": {"action_time": "2020-04-14T11:38:56.820Z", "user": 1, "content_type": 13, "object_id": "5", "object_repr": "Product number: #4, Description: Address data load for 5 UK local authorities", "action_flag": 2, "change_message": "[{\"changed\": {\"fields\": [\"is_data_product\"]}}]"}}, {"model": "admin.logentry", "pk": 181, "fields": {"action_time": "2020-04-14T11:39:13.914Z", "user": 1, "content_type": 13, "object_id": "6", "object_repr": "Product number: #5, Description: Address data load for 20 UK local authorities", "action_flag": 2, "change_message": "[{\"changed\": {\"fields\": [\"is_data_product\"]}}]"}}, {"model": "admin.logentry", "pk": 182, "fields": {"action_time": "2020-04-14T11:39:21.992Z", "user": 1, "content_type": 13, "object_id": "4", "object_repr": "Product number: #6, Description: Address data load for United Kingdom", "action_flag": 2, "change_message": "[{\"changed\": {\"fields\": [\"is_data_product\"]}}]"}}, {"model": "admin.logentry", "pk": 183, "fields": {"action_time": "2020-04-14T16:29:02.682Z", "user": 1, "content_type": 14, "object_id": "1", "object_repr": "Organisation: South Tyneside Green Party, Product number: #Product number: #1, Description: 3-user, free subscription", "action_flag": 1, "change_message": "[{\"added\": {}}]"}}, {"model": "admin.logentry", "pk": 184, "fields": {"action_time": "2020-04-14T16:30:56.854Z", "user": 1, "content_type": 14, "object_id": "1", "object_repr": "Organisation: South Tyneside Green Party, Product number: #Product number: #1, Description: 3-user, free subscription", "action_flag": 2, "change_message": "[]"}}, {"model": "admin.logentry", "pk": 185, "fields": {"action_time": "2020-04-14T16:39:19.753Z", "user": 1, "content_type": 14, "object_id": "1", "object_repr": "Organisation: South Tyneside Green Party, Product number: #Product number: #2, Description: 12-user, 6-month subscription", "action_flag": 2, "change_message": "[{\"changed\": {\"fields\": [\"product_number\"]}}]"}}, {"model": "admin.logentry", "pk": 186, "fields": {"action_time": "2020-04-14T19:14:59.411Z", "user": 1, "content_type": 14, "object_id": "1", "object_repr": "Organisation: South Tyneside Green Party, Product number: #Product number: #1, Description: 3-user, free subscription", "action_flag": 2, "change_message": "[{\"changed\": {\"fields\": [\"product_number\"]}}]"}}, {"model": "admin.logentry", "pk": 187, "fields": {"action_time": "2020-04-16T13:23:27.963Z", "user": 1, "content_type": 13, "object_id": "1", "object_repr": "Product number: #1, Description: 3-user, free subscription", "action_flag": 2, "change_message": "[{\"changed\": {\"fields\": [\"is_single_use_only\"]}}]"}}, {"model": "admin.logentry", "pk": 188, "fields": {"action_time": "2020-04-16T13:23:54.932Z", "user": 1, "content_type": 13, "object_id": "4", "object_repr": "Product number: #6, Description: Address data load for United Kingdom", "action_flag": 2, "change_message": "[{\"changed\": {\"fields\": [\"is_single_use_only\"]}}]"}}, {"model": "admin.logentry", "pk": 189, "fields": {"action_time": "2020-04-16T16:10:12.937Z", "user": 1, "content_type": 13, "object_id": "2", "object_repr": "Product number: #2, Description: 12-user, 6-month subscription", "action_flag": 2, "change_message": "[{\"changed\": {\"fields\": [\"price\"]}}]"}}, {"model": "admin.logentry", "pk": 190, "fields": {"action_time": "2020-04-16T16:10:57.421Z", "user": 1, "content_type": 13, "object_id": "2", "object_repr": "Product number: #2, Description: 12-user, 6-month subscription", "action_flag": 2, "change_message": "[{\"changed\": {\"fields\": [\"price\"]}}]"}}, {"model": "admin.logentry", "pk": 191, "fields": {"action_time": "2020-04-16T16:11:14.968Z", "user": 1, "content_type": 13, "object_id": "6", "object_repr": "Product number: #5, Description: Address data load for 20 UK local authorities", "action_flag": 2, "change_message": "[{\"changed\": {\"fields\": [\"price\"]}}]"}}, {"model": "admin.logentry", "pk": 192, "fields": {"action_time": "2020-04-16T16:11:46.562Z", "user": 1, "content_type": 13, "object_id": "4", "object_repr": "Product number: #6, Description: Address data load for United Kingdom", "action_flag": 2, "change_message": "[{\"changed\": {\"fields\": [\"price\"]}}]"}}, {"model": "admin.logentry", "pk": 193, "fields": {"action_time": "2020-04-16T16:17:15.984Z", "user": 1, "content_type": 13, "object_id": "1", "object_repr": "Product number: #1, Description: 3-user, free subscription", "action_flag": 2, "change_message": "[{\"changed\": {\"fields\": [\"max_product_quantity\"]}}]"}}, {"model": "admin.logentry", "pk": 194, "fields": {"action_time": "2020-04-16T16:17:27.921Z", "user": 1, "content_type": 13, "object_id": "4", "object_repr": "Product number: #6, Description: Address data load for United Kingdom", "action_flag": 2, "change_message": "[{\"changed\": {\"fields\": [\"max_product_quantity\"]}}]"}}, {"model": "admin.logentry", "pk": 195, "fields": {"action_time": "2020-04-16T18:48:15.192Z", "user": 1, "content_type": 13, "object_id": "2", "object_repr": "Product number: #2, Description: 12-user, 6-month subscription", "action_flag": 2, "change_message": "[{\"changed\": {\"fields\": [\"max_product_quantity\"]}}]"}}, {"model": "admin.logentry", "pk": 196, "fields": {"action_time": "2020-04-16T19:12:56.861Z", "user": 1, "content_type": 13, "object_id": "4", "object_repr": "Product number: #6, Description: Address data load for United Kingdom", "action_flag": 2, "change_message": "[{\"changed\": {\"fields\": [\"max_product_quantity\"]}}]"}}, {"model": "admin.logentry", "pk": 197, "fields": {"action_time": "2020-04-16T19:13:06.064Z", "user": 1, "content_type": 13, "object_id": "4", "object_repr": "Product number: #6, Description: Address data load for United Kingdom", "action_flag": 2, "change_message": "[{\"changed\": {\"fields\": [\"max_product_quantity\"]}}]"}}, {"model": "admin.logentry", "pk": 198, "fields": {"action_time": "2020-04-17T13:56:00.948Z", "user": 1, "content_type": 13, "object_id": "2", "object_repr": "Product number: #2, Description: 12-user, 6-month subscription", "action_flag": 2, "change_message": "[{\"changed\": {\"fields\": [\"max_product_quantity\"]}}]"}}, {"model": "admin.logentry", "pk": 199, "fields": {"action_time": "2020-04-17T13:56:14.807Z", "user": 1, "content_type": 13, "object_id": "3", "object_repr": "Product number: #3, Description: 12-user, 12-month subscription", "action_flag": 2, "change_message": "[{\"changed\": {\"fields\": [\"max_product_quantity\"]}}]"}}, {"model": "admin.logentry", "pk": 200, "fields": {"action_time": "2020-04-17T14:02:55.949Z", "user": 1, "content_type": 13, "object_id": "5", "object_repr": "Product number: #4, Description: Address data load for 5 UK local authorities", "action_flag": 2, "change_message": "[{\"changed\": {\"fields\": [\"max_product_quantity\"]}}]"}}, {"model": "admin.logentry", "pk": 201, "fields": {"action_time": "2020-04-17T14:03:31.027Z", "user": 1, "content_type": 13, "object_id": "6", "object_repr": "Product number: #5, Description: Address data load for 20 UK local authorities", "action_flag": 2, "change_message": "[{\"changed\": {\"fields\": [\"max_product_quantity\"]}}]"}}, {"model": "admin.logentry", "pk": 202, "fields": {"action_time": "2020-04-17T16:38:45.498Z", "user": 1, "content_type": 13, "object_id": "1", "object_repr": "Product number: #1, Description: 3-user, free subscription", "action_flag": 2, "change_message": "[{\"changed\": {\"fields\": [\"number_of_users\", \"number_of_subscription_months\"]}}]"}}, {"model": "admin.logentry", "pk": 203, "fields": {"action_time": "2020-04-17T16:38:58.733Z", "user": 1, "content_type": 13, "object_id": "1", "object_repr": "Product number: #1, Description: 3-user, free subscription", "action_flag": 2, "change_message": "[{\"changed\": {\"fields\": [\"number_of_subscription_months\"]}}]"}}, {"model": "admin.logentry", "pk": 204, "fields": {"action_time": "2020-04-17T16:39:20.639Z", "user": 1, "content_type": 13, "object_id": "2", "object_repr": "Product number: #2, Description: 12-user, 6-month subscription", "action_flag": 2, "change_message": "[{\"changed\": {\"fields\": [\"number_of_users\", \"number_of_subscription_months\"]}}]"}}, {"model": "admin.logentry", "pk": 205, "fields": {"action_time": "2020-04-17T16:39:37.951Z", "user": 1, "content_type": 13, "object_id": "3", "object_repr": "Product number: #3, Description: 12-user, 12-month subscription", "action_flag": 2, "change_message": "[{\"changed\": {\"fields\": [\"number_of_users\", \"number_of_subscription_months\"]}}]"}}, {"model": "admin.logentry", "pk": 206, "fields": {"action_time": "2020-04-17T18:32:56.054Z", "user": 1, "content_type": 13, "object_id": "2", "object_repr": "Product number: #2, Description: 12-user, 6-month subscription", "action_flag": 2, "change_message": "[]"}}, {"model": "admin.logentry", "pk": 207, "fields": {"action_time": "2020-04-17T20:48:15.704Z", "user": 1, "content_type": 14, "object_id": "1", "object_repr": "Organisation: South Tyneside Green Party, Product number: #Product number: #2, Description: 12-user, 6-month subscription", "action_flag": 2, "change_message": "[{\"changed\": {\"fields\": [\"product_number\"]}}]"}}, {"model": "admin.logentry", "pk": 208, "fields": {"action_time": "2020-04-17T20:48:25.064Z", "user": 1, "content_type": 14, "object_id": "1", "object_repr": "Organisation: South Tyneside Green Party, Product number: #Product number: #1, Description: 3-user, free subscription", "action_flag": 2, "change_message": "[{\"changed\": {\"fields\": [\"product_number\"]}}]"}}, {"model": "admin.logentry", "pk": 209, "fields": {"action_time": "2020-04-18T19:43:26.473Z", "user": 1, "content_type": 13, "object_id": "1", "object_repr": "Product number: #1, Description: 3-user, free subscription", "action_flag": 2, "change_message": "[{\"changed\": {\"fields\": [\"number_of_users\"]}}]"}}, {"model": "admin.logentry", "pk": 210, "fields": {"action_time": "2020-04-19T14:48:54.034Z", "user": 1, "content_type": 13, "object_id": "1", "object_repr": "Product number: #1, Description: 3-user, free subscription", "action_flag": 2, "change_message": "[{\"changed\": {\"fields\": [\"number_of_users\"]}}]"}}, {"model": "admin.logentry", "pk": 211, "fields": {"action_time": "2020-04-21T15:13:59.853Z", "user": 1, "content_type": 13, "object_id": "1", "object_repr": "Product number: #1, Description: 3-user, free subscription", "action_flag": 2, "change_message": "[]"}}, {"model": "admin.logentry", "pk": 212, "fields": {"action_time": "2020-04-21T18:56:53.729Z", "user": 1, "content_type": 13, "object_id": "1", "object_repr": "Product number: #1, Description: 3-user, 12-month subscription", "action_flag": 2, "change_message": "[{\"changed\": {\"fields\": [\"name\", \"description\"]}}]"}}, {"model": "admin.logentry", "pk": 213, "fields": {"action_time": "2020-04-21T18:59:13.542Z", "user": 1, "content_type": 13, "object_id": "2", "object_repr": "Product number: #2, Description: 12-user, 6-month subscription", "action_flag": 2, "change_message": "[{\"changed\": {\"fields\": [\"description\"]}}]"}}, {"model": "admin.logentry", "pk": 214, "fields": {"action_time": "2020-04-21T18:59:49.597Z", "user": 1, "content_type": 13, "object_id": "3", "object_repr": "Product number: #3, Description: 12-user, 12-month subscription", "action_flag": 2, "change_message": "[{\"changed\": {\"fields\": [\"description\", \"price\"]}}]"}}, {"model": "admin.logentry", "pk": 215, "fields": {"action_time": "2020-04-21T19:00:08.115Z", "user": 1, "content_type": 13, "object_id": "2", "object_repr": "Product number: #2, Description: 12-user, 6-month subscription", "action_flag": 2, "change_message": "[{\"changed\": {\"fields\": [\"price\"]}}]"}}, {"model": "admin.logentry", "pk": 216, "fields": {"action_time": "2020-04-21T20:30:25.562Z", "user": 1, "content_type": 17, "object_id": "1", "object_repr": "Discount code: #0, Discount type: Multiple product, Discount percentage", "action_flag": 1, "change_message": "[{\"added\": {}}]"}}, {"model": "admin.logentry", "pk": 217, "fields": {"action_time": "2020-04-21T20:30:34.675Z", "user": 1, "content_type": 17, "object_id": "1", "object_repr": "Discount code: #1, Discount type: Multiple product, Discount percentage", "action_flag": 2, "change_message": "[{\"changed\": {\"fields\": [\"code\"]}}]"}}, {"model": "admin.logentry", "pk": 218, "fields": {"action_time": "2020-04-21T20:31:34.184Z", "user": 1, "content_type": 17, "object_id": "2", "object_repr": "Discount code: #2, Discount type: Summer sale, Discount percentage", "action_flag": 1, "change_message": "[{\"added\": {}}]"}}, {"model": "admin.logentry", "pk": 219, "fields": {"action_time": "2020-04-21T20:32:14.353Z", "user": 1, "content_type": 17, "object_id": "3", "object_repr": "Discount code: #3, Discount type: Winter sale, Discount percentage", "action_flag": 1, "change_message": "[{\"added\": {}}]"}}, {"model": "admin.logentry", "pk": 220, "fields": {"action_time": "2020-04-21T20:46:15.245Z", "user": 1, "content_type": 13, "object_id": "4", "object_repr": "Product number: #6, Description: Address data load for United Kingdom", "action_flag": 2, "change_message": "[{\"changed\": {\"fields\": [\"price\"]}}]"}}, {"model": "admin.logentry", "pk": 221, "fields": {"action_time": "2020-04-22T16:12:54.851Z", "user": 1, "content_type": 13, "object_id": "2", "object_repr": "Product number: #2, Description: 12-user, 6-month subscription", "action_flag": 2, "change_message": "[{\"changed\": {\"fields\": [\"is_upgrade_product\", \"description\", \"price\"]}}]"}}, {"model": "admin.logentry", "pk": 222, "fields": {"action_time": "2020-04-22T16:13:50.460Z", "user": 1, "content_type": 13, "object_id": "3", "object_repr": "Product number: #3, Description: 12-user, 12-month subscription", "action_flag": 2, "change_message": "[{\"changed\": {\"fields\": [\"is_upgrade_product\", \"description\", \"price\"]}}]"}}, {"model": "admin.logentry", "pk": 223, "fields": {"action_time": "2020-04-25T19:51:54.818Z", "user": 1, "content_type": 15, "object_id": "7", "object_repr": "2020-04-24-Kevin Alderson", "action_flag": 2, "change_message": "[{\"changed\": {\"fields\": [\"user\"]}}]"}}, {"model": "admin.logentry", "pk": 224, "fields": {"action_time": "2020-04-25T19:53:14.610Z", "user": 1, "content_type": 15, "object_id": "6", "object_repr": "2020-04-24-Flower Power Deliveries", "action_flag": 2, "change_message": "[{\"changed\": {\"fields\": [\"name\", \"user\"]}}]"}}, {"model": "admin.logentry", "pk": 225, "fields": {"action_time": "2020-04-25T19:53:29.844Z", "user": 1, "content_type": 15, "object_id": "5", "object_repr": "2020-04-24-Flower Power Deliveries", "action_flag": 2, "change_message": "[{\"changed\": {\"fields\": [\"name\", \"user\"]}}]"}}, {"model": "admin.logentry", "pk": 226, "fields": {"action_time": "2020-04-25T19:53:48.204Z", "user": 1, "content_type": 15, "object_id": "3", "object_repr": "2020-04-23-Kevin Alderson", "action_flag": 3, "change_message": ""}}, {"model": "admin.logentry", "pk": 227, "fields": {"action_time": "2020-04-25T19:53:48.329Z", "user": 1, "content_type": 15, "object_id": "2", "object_repr": "2020-04-23-Kevin Alderson", "action_flag": 3, "change_message": ""}}, {"model": "admin.logentry", "pk": 228, "fields": {"action_time": "2020-04-25T19:53:48.391Z", "user": 1, "content_type": 15, "object_id": "1", "object_repr": "2020-04-23-Kevin Alderson", "action_flag": 3, "change_message": ""}}, {"model": "admin.logentry", "pk": 229, "fields": {"action_time": "2020-04-25T19:54:14.173Z", "user": 1, "content_type": 15, "object_id": "4", "object_repr": "2020-04-24-Kevin Alderson", "action_flag": 2, "change_message": "[{\"changed\": {\"fields\": [\"user\"]}}]"}}, {"model": "admin.logentry", "pk": 230, "fields": {"action_time": "2020-04-26T13:20:17.664Z", "user": 1, "content_type": 7, "object_id": "1", "object_repr": "South Tyneside Green Party", "action_flag": 2, "change_message": "[{\"changed\": {\"fields\": [\"user\"]}}]"}}, {"model": "admin.logentry", "pk": 231, "fields": {"action_time": "2020-04-26T13:32:00.071Z", "user": 1, "content_type": 4, "object_id": "1", "object_repr": "kevald1963", "action_flag": 2, "change_message": "[]"}}, {"model": "admin.logentry", "pk": 232, "fields": {"action_time": "2020-04-26T14:08:01.134Z", "user": 1, "content_type": 7, "object_id": "1", "object_repr": "South Tyneside Green Party", "action_flag": 2, "change_message": "[]"}}, {"model": "admin.logentry", "pk": 233, "fields": {"action_time": "2020-04-26T14:08:22.978Z", "user": 1, "content_type": 7, "object_id": "2", "object_repr": "South Shields Campaign Group", "action_flag": 2, "change_message": "[{\"changed\": {\"fields\": [\"user\"]}}]"}}, {"model": "admin.logentry", "pk": 234, "fields": {"action_time": "2020-04-26T14:13:52.002Z", "user": 1, "content_type": 7, "object_id": "2", "object_repr": "South Shields Campaign Group", "action_flag": 2, "change_message": "[{\"changed\": {\"fields\": [\"is_parent\"]}}]"}}, {"model": "admin.logentry", "pk": 235, "fields": {"action_time": "2020-04-26T18:52:10.538Z", "user": 1, "content_type": 7, "object_id": "2", "object_repr": "South Shields Campaign Group", "action_flag": 2, "change_message": "[{\"changed\": {\"fields\": [\"is_parent\"]}}]"}}, {"model": "admin.logentry", "pk": 236, "fields": {"action_time": "2020-04-26T19:02:31.828Z", "user": 1, "content_type": 7, "object_id": "1", "object_repr": "South Tyneside Green Party", "action_flag": 2, "change_message": "[{\"changed\": {\"fields\": [\"is_parent\"]}}]"}}, {"model": "admin.logentry", "pk": 237, "fields": {"action_time": "2020-04-26T20:11:05.110Z", "user": 1, "content_type": 7, "object_id": "4", "object_repr": "<input type=\"text\" name=\"name\" value=\"Kevin Alderson\" maxlength=\"50\" required id=\"id_name\" />", "action_flag": 3, "change_message": ""}}, {"model": "admin.logentry", "pk": 238, "fields": {"action_time": "2020-04-29T18:21:42.366Z", "user": 1, "content_type": 13, "object_id": "1", "object_repr": "Product number: #1, Description: 3-devices, 12-month subscription", "action_flag": 2, "change_message": "[{\"changed\": {\"fields\": [\"name\", \"description\"]}}]"}}, {"model": "admin.logentry", "pk": 239, "fields": {"action_time": "2020-04-29T18:22:30.663Z", "user": 1, "content_type": 13, "object_id": "2", "object_repr": "Product number: #2, Description: 12-devices, 6-month subscription", "action_flag": 2, "change_message": "[{\"changed\": {\"fields\": [\"name\", \"description\"]}}]"}}, {"model": "admin.logentry", "pk": 240, "fields": {"action_time": "2020-04-29T18:23:03.976Z", "user": 1, "content_type": 13, "object_id": "3", "object_repr": "Product number: #3, Description: 12-devices, 12-month subscription", "action_flag": 2, "change_message": "[{\"changed\": {\"fields\": [\"name\", \"description\"]}}]"}}, {"model": "admin.logentry", "pk": 241, "fields": {"action_time": "2020-04-29T18:23:42.101Z", "user": 1, "content_type": 13, "object_id": "3", "object_repr": "Product number: #3, Description: 12-devices, 12-month subscription", "action_flag": 2, "change_message": "[{\"changed\": {\"fields\": [\"description\"]}}]"}}, {"model": "admin.logentry", "pk": 242, "fields": {"action_time": "2020-04-29T18:30:31.772Z", "user": 1, "content_type": 13, "object_id": "6", "object_repr": "Product number: #5, Description: Address data load for 20 UK local authorities", "action_flag": 2, "change_message": "[{\"changed\": {\"fields\": [\"description\"]}}]"}}, {"model": "admin.logentry", "pk": 243, "fields": {"action_time": "2020-04-29T18:31:07.581Z", "user": 1, "content_type": 13, "object_id": "5", "object_repr": "Product number: #4, Description: Address data load for 5 UK local authorities", "action_flag": 2, "change_message": "[{\"changed\": {\"fields\": [\"description\"]}}]"}}, {"model": "admin.logentry", "pk": 244, "fields": {"action_time": "2020-04-29T18:33:02.174Z", "user": 1, "content_type": 13, "object_id": "4", "object_repr": "Product number: #6, Description: Address data load for United Kingdom", "action_flag": 2, "change_message": "[{\"changed\": {\"fields\": [\"description\"]}}]"}}, {"model": "admin.logentry", "pk": 245, "fields": {"action_time": "2020-04-29T18:33:38.924Z", "user": 1, "content_type": 13, "object_id": "4", "object_repr": "Product number: #6, Description: Address data load for United Kingdom", "action_flag": 2, "change_message": "[{\"changed\": {\"fields\": [\"description\"]}}]"}}, {"model": "admin.logentry", "pk": 246, "fields": {"action_time": "2020-04-29T18:34:11.174Z", "user": 1, "content_type": 13, "object_id": "6", "object_repr": "Product number: #5, Description: Address data load for 20 UK local authorities", "action_flag": 2, "change_message": "[{\"changed\": {\"fields\": [\"description\"]}}]"}}, {"model": "admin.logentry", "pk": 247, "fields": {"action_time": "2020-04-29T18:34:59.893Z", "user": 1, "content_type": 13, "object_id": "6", "object_repr": "Product number: #5, Description: Address data load for 20 UK local authorities", "action_flag": 2, "change_message": "[{\"changed\": {\"fields\": [\"description\"]}}]"}}, {"model": "admin.logentry", "pk": 248, "fields": {"action_time": "2020-04-29T18:35:15.674Z", "user": 1, "content_type": 13, "object_id": "5", "object_repr": "Product number: #4, Description: Address data load for 5 UK local authorities", "action_flag": 2, "change_message": "[{\"changed\": {\"fields\": [\"description\"]}}]"}}, {"model": "admin.logentry", "pk": 249, "fields": {"action_time": "2020-04-29T19:26:50.566Z", "user": 1, "content_type": 18, "object_id": "1", "object_repr": "Start date: 2020-04-01 19:17:27+00:00, Campaign type: 2020/03 - leafleting, name: CA, description: Leafleting campaign in Beacon & Bents, March 2020", "action_flag": 1, "change_message": "[{\"added\": {}}]"}}, {"model": "admin.logentry", "pk": 250, "fields": {"action_time": "2020-04-29T19:27:39.097Z", "user": 1, "content_type": 18, "object_id": "1", "object_repr": "Start date: 2020-04-01 19:17:27+00:00, Campaign type: 2020/03 - leafleting, name: LE, description: Leafleting campaign in Beacon & Bents, March 2020", "action_flag": 2, "change_message": "[{\"changed\": {\"fields\": [\"campaign_type\"]}}]"}}, {"model": "admin.logentry", "pk": 251, "fields": {"action_time": "2020-04-29T19:38:31.648Z", "user": 1, "content_type": 18, "object_id": "1", "object_repr": "Start date: 2020-05-31, Campaign type: LE, Name: 2020/03 - leafleting, Description: Leafleting campaign in Beacon & Bents, March 2020", "action_flag": 2, "change_message": "[{\"changed\": {\"fields\": [\"active_date\"]}}]"}}, {"model": "admin.logentry", "pk": 252, "fields": {"action_time": "2020-04-29T19:39:55.273Z", "user": 1, "content_type": 18, "object_id": "1", "object_repr": "Start date: 2020-04-30, Campaign type: LE, Name: 2020/03 - leafleting, Description: Leafleting campaign in Beacon & Bents, March 2020", "action_flag": 2, "change_message": "[{\"changed\": {\"fields\": [\"active_date\", \"inactive_date\"]}}]"}}, {"model": "admin.logentry", "pk": 253, "fields": {"action_time": "2020-04-29T19:40:32.538Z", "user": 1, "content_type": 18, "object_id": "1", "object_repr": "Start date: 2020-04-30, Campaign type: LE, Name: 2020/03 - leafleting, Description: Leafleting campaign in Beacon & Bents, March 2020", "action_flag": 2, "change_message": "[]"}}, {"model": "admin.logentry", "pk": 254, "fields": {"action_time": "2020-04-29T19:51:28.369Z", "user": 1, "content_type": 18, "object_id": "1", "object_repr": "Start date: 2020-04-30, Campaign type: LE, Name: 2020/03 - leafleting, Description: Leafleting campaign in Beacon & Bents and West Park wards, March 2020", "action_flag": 2, "change_message": "[{\"changed\": {\"fields\": [\"description\"]}}]"}}, {"model": "admin.logentry", "pk": 255, "fields": {"action_time": "2020-04-29T19:52:37.916Z", "user": 1, "content_type": 18, "object_id": "2", "object_repr": "Start date: 2020-04-01, Campaign type: CA, Name: 2020/03 - canvassing, Description: Canvassing campaign in Beacon & Bents, March 2020", "action_flag": 1, "change_message": "[{\"added\": {}}]"}}, {"model": "admin.logentry", "pk": 256, "fields": {"action_time": "2020-04-29T19:53:03.275Z", "user": 1, "content_type": 18, "object_id": "1", "object_repr": "Start date: 2020-04-30, Campaign type: LE, Name: 2020/03 - leafleting, Description: Leafleting campaign in Beacon & Bents and West Park, March 2020", "action_flag": 2, "change_message": "[{\"changed\": {\"fields\": [\"description\"]}}]"}}, {"model": "admin.logentry", "pk": 257, "fields": {"action_time": "2020-04-30T18:15:28.581Z", "user": 1, "content_type": 7, "object_id": "6", "object_repr": "Eileen Alderson", "action_flag": 3, "change_message": ""}}, {"model": "admin.logentry", "pk": 258, "fields": {"action_time": "2020-04-30T18:15:28.752Z", "user": 1, "content_type": 7, "object_id": "5", "object_repr": "Kevin Alderson", "action_flag": 3, "change_message": ""}}, {"model": "admin.logentry", "pk": 259, "fields": {"action_time": "2020-04-30T18:16:34.971Z", "user": 1, "content_type": 7, "object_id": "2", "object_repr": "South Shields Campaign Group", "action_flag": 2, "change_message": "[{\"changed\": {\"fields\": [\"image\"]}}]"}}, {"model": "admin.logentry", "pk": 260, "fields": {"action_time": "2020-04-30T18:17:35.409Z", "user": 1, "content_type": 7, "object_id": "2", "object_repr": "South Shields Campaign Group", "action_flag": 2, "change_message": "[{\"changed\": {\"fields\": [\"image\"]}}]"}}, {"model": "admin.logentry", "pk": 261, "fields": {"action_time": "2020-04-30T18:19:33.674Z", "user": 1, "content_type": 7, "object_id": "3", "object_repr": "Jarrow Campaign Group", "action_flag": 2, "change_message": "[{\"changed\": {\"fields\": [\"user\", \"image\"]}}]"}}, {"model": "admin.logentry", "pk": 262, "fields": {"action_time": "2020-04-30T18:21:27.752Z", "user": 1, "content_type": 7, "object_id": "3", "object_repr": "Jarrow Campaign Group", "action_flag": 2, "change_message": "[{\"changed\": {\"fields\": [\"image\"]}}]"}}, {"model": "admin.logentry", "pk": 263, "fields": {"action_time": "2020-04-30T20:53:12.329Z", "user": 1, "content_type": 18, "object_id": "3", "object_repr": "Start date: 2020-04-30, Campaign type: SU, Name: 2020/04 - surveying, Description: Surveying campaign in Beacon & Bents, April 2020", "action_flag": 1, "change_message": "[{\"added\": {}}]"}}, {"model": "admin.logentry", "pk": 264, "fields": {"action_time": "2020-05-02T21:59:45.522Z", "user": 1, "content_type": 13, "object_id": "2", "object_repr": "Product number: #2, Description: 12-devices, 6-month subscription", "action_flag": 2, "change_message": "[{\"changed\": {\"fields\": [\"image_path\"]}}]"}}, {"model": "admin.logentry", "pk": 265, "fields": {"action_time": "2020-05-02T22:11:00.491Z", "user": 1, "content_type": 13, "object_id": "2", "object_repr": "Product number: #2, Description: 12-devices, 6-month subscription", "action_flag": 2, "change_message": "[{\"changed\": {\"fields\": [\"image_path\"]}}]"}}, {"model": "admin.logentry", "pk": 266, "fields": {"action_time": "2020-05-02T22:13:14.506Z", "user": 1, "content_type": 13, "object_id": "2", "object_repr": "Product number: #2, Description: 12-devices, 6-month subscription", "action_flag": 2, "change_message": "[{\"changed\": {\"fields\": [\"image_path\"]}}]"}}, {"model": "admin.logentry", "pk": 267, "fields": {"action_time": "2020-05-08T11:19:05.013Z", "user": 1, "content_type": 11, "object_id": "7", "object_repr": "Mortimer Road", "action_flag": 1, "change_message": "[{\"added\": {}}]"}}]